/*
Navicat MySQL Data Transfer

Source Server         : LOCALHOST_3306
Source Server Version : 50722
Source Host           : localhost:3306
Source Database       : cat_admin_prod

Target Server Type    : MYSQL
Target Server Version : 50722
File Encoding         : 65001

Date: 2018-11-01 11:07:25
*/

SET FOREIGN_KEY_CHECKS=0;

-- ----------------------------
-- Table structure for categoria
-- ----------------------------
DROP TABLE IF EXISTS `categoria`;
CREATE TABLE `categoria` (
  `idcategoria` int(11) NOT NULL AUTO_INCREMENT,
  `nombre` varchar(150) CHARACTER SET utf8mb4 COLLATE utf8mb4_bin NOT NULL,
  `url` varchar(255) CHARACTER SET utf8mb4 COLLATE utf8mb4_bin DEFAULT '',
  `imagen` varchar(255) CHARACTER SET utf8mb4 COLLATE utf8mb4_bin DEFAULT '',
  `publicar` char(1) CHARACTER SET utf8mb4 COLLATE utf8mb4_bin DEFAULT 'S',
  `estado` smallint(5) unsigned NOT NULL DEFAULT '1',
  `created_up` timestamp NULL DEFAULT NULL,
  PRIMARY KEY (`idcategoria`) USING BTREE
) ENGINE=InnoDB AUTO_INCREMENT=10 DEFAULT CHARSET=utf8mb4 COLLATE=utf8mb4_unicode_ci;

-- ----------------------------
-- Records of categoria
-- ----------------------------
INSERT INTO `categoria` VALUES ('1', 'de servicio', 'de-servicio', 'img_admin/categorias/201810271210001332679534.png', 'S', '1', '2018-07-30 17:07:08');
INSERT INTO `categoria` VALUES ('2', 'institucional', 'institucional', 'img_admin/categorias/20180731160710.jpg', 'S', '1', '2018-07-30 17:07:02');
INSERT INTO `categoria` VALUES ('3', 'vivienda', 'vivienda', 'img_admin/categorias/20180731160728.jpg', 'S', '1', '2018-07-30 17:07:53');
INSERT INTO `categoria` VALUES ('4', 'demo', 'demo', 'categorias/201810271110152132183456.jpg', 'S', '1', '2018-10-26 13:10:40');
INSERT INTO `categoria` VALUES ('5', 'asdasd asdfasdf ', 'asdasd-asdfasdf', 'img_admin/categorias/20181026221059.jpg', 'S', '1', '2018-10-26 22:10:43');
INSERT INTO `categoria` VALUES ('6', 'asdasd asdfasdf ', 'asdasd-asdfasdf', 'categorias/20181027111014112526192.jpg', 'S', '1', '2018-10-27 11:10:14');
INSERT INTO `categoria` VALUES ('7', 'cat n1', 'cat-n1', 'img_admin/categorias/20181027121056499238916.jpg', 'S', '1', '2018-10-27 12:10:56');
INSERT INTO `categoria` VALUES ('8', 'cat n2', 'cat-n2', 'img_admin/categorias/201810271210321401341995.jpg', 'S', '1', '2018-10-27 12:10:32');
INSERT INTO `categoria` VALUES ('9', 'demo 123', 'demo-123', 'img_admin/categorias/201810271210201594491050.png', 'S', '1', '2018-10-27 12:10:20');

-- ----------------------------
-- Table structure for marca
-- ----------------------------
DROP TABLE IF EXISTS `marca`;
CREATE TABLE `marca` (
  `idmarca` int(11) unsigned NOT NULL AUTO_INCREMENT,
  `nombre` varchar(150) CHARACTER SET utf8 COLLATE utf8_unicode_ci DEFAULT NULL,
  `publicar` char(1) CHARACTER SET utf8 COLLATE utf8_unicode_ci DEFAULT 'S',
  `estado` smallint(6) DEFAULT NULL,
  `created_up` timestamp NULL DEFAULT NULL,
  PRIMARY KEY (`idmarca`)
) ENGINE=InnoDB AUTO_INCREMENT=2 DEFAULT CHARSET=utf8mb4 COLLATE=utf8mb4_unicode_ci;

-- ----------------------------
-- Records of marca
-- ----------------------------
INSERT INTO `marca` VALUES ('1', 'Marca 1', 'N', '1', '2013-07-05 00:00:00');

-- ----------------------------
-- Table structure for noticia
-- ----------------------------
DROP TABLE IF EXISTS `noticia`;
CREATE TABLE `noticia` (
  `idnoticia` int(10) unsigned NOT NULL AUTO_INCREMENT,
  `title` varchar(255) COLLATE utf8mb4_bin NOT NULL,
  `descripcion` text COLLATE utf8mb4_bin NOT NULL,
  `imagen` varchar(255) COLLATE utf8mb4_bin DEFAULT '',
  `url` varchar(255) COLLATE utf8mb4_bin DEFAULT NULL,
  `publicar` char(1) COLLATE utf8mb4_bin DEFAULT NULL,
  `estado` smallint(255) unsigned NOT NULL DEFAULT '1',
  `created_up` timestamp NULL DEFAULT NULL ON UPDATE CURRENT_TIMESTAMP,
  PRIMARY KEY (`idnoticia`)
) ENGINE=InnoDB AUTO_INCREMENT=5 DEFAULT CHARSET=utf8mb4 COLLATE=utf8mb4_bin;

-- ----------------------------
-- Records of noticia
-- ----------------------------
INSERT INTO `noticia` VALUES ('1', 'Ventajas de c치maras IP', 0x3C703E536920646573636F6E6F636573206C6F2071756520736F6E2065737465207469706F2064652063266161637574653B6D61726173206465207365677572696461642C207465206578706C6963616D6F732062726576656D656E74652E4C61732063266161637574653B6D6172617320697020736F6E20646973706F73697469766F7320617574266F61637574653B6E6F6D6F732C206573746F2071756965726520646563697220717565206E6F20657374266161637574653B6E20636F6E65637461646173206120756E20636972637569746F206365727261646F2064652074656C6576697369266F61637574653B6E3B206375656E74617320636F6E20756E207365727669646F722077656220717565206C6573207065726D697465207472616E736D69746972206C617320696D266161637574653B67656E657320612074726176266561637574653B73206465206C617320726564657320697020284C414E2C2057414E206520494E5445524E4554293B206173266961637574653B2071756520636F6D6F20746520696D6167696E6172266161637574653B732C20706F6472266161637574653B7320726576697361722073752067726162616369266F61637574653B6E206465736465206375616C717569657220646973706F73697469766F207175652074656E676120756E6120636F6E657869266F61637574653B6E206120696E7465726E65742E3C2F703E0D0A0D0A3C703E596120616E746572696F726D656E7465206D656E63696F6E616D6F73206C61206175746F6E6F6D266961637574653B61206465206573746F7320646973706F73697469766F732C206573746520657320756E206173706563746F2062617374616E746520696D706F7274616E74652C20796120717565206E6F206E656365736974616E20646520756E6120636F6D70757461646F7261207061726120656E76696172206C617320696D266161637574653B67656E657320612074726176266561637574653B7320646520696E7465726E65742C20626173746120636F6E2070726F6772616D61726C617320756E6120736F6C612076657A206465736465206C6120636F6D70757461646F72612C20706172612074656E65726C61732066756E63696F6E616E646F206175746F6D266161637574653B746963616D656E74652E3C2F703E0D0A0D0A3C703E4F747261206465206C61732076656E74616A6173206D266161637574653B7320696D706F7274616E7465732064656C2075736F2064652063266161637574653B6D6172617320495020657320656C20686563686F20646520717965207075656465732072657669736172206C617320677261626163696F6E6573206465736465206375616C7175696572206E6176656761646F722C206E6F206E656365736974617320756E2070726F6772616D6120657370656369616C20706172612068616365726C6F2C206173266961637574653B2071756520736920657374266161637574653B73206465207661636163696F6E657320706F6472266161637574653B7320766967696C6172207475206361736120646573646520616C67756E6120636F6D70757461646F72612064656C20686F74656C2E3C2F703E0D0A0D0A3C703E556E61206465206C6173206361726163746572266961637574653B73746963617320706F72206C617320717565206C61732063266161637574653B6D6172617320697020736F6E206C61206D656A6F72206F706369266F61637574653B6E20657320706F72717565206375616C717569657220706572736F6E612070756564652070726F6772616D61726C6173206D75792066266161637574653B63696C6D656E74652073696E206E696E67267561637574653B6E2070726F626C656D612C2074616E2073266F61637574653B6C6F207369677569656E646F206C617320696E737472756363696F6E65732064656C206D616E75616C20717565207365206C657320656E74726567612E3C2F703E0D0A0D0A3C703E4120636F6E74696E75616369266F61637574653B6E20746520656E6C697374616D6F73206C61732076656E74616A6173206D266161637574653B7320696D706F7274616E7465732064652065737461732063266161637574653B6D61726173206465207365677572696461643A3C2F703E0D0A0D0A3C756C3E0D0A093C6C693E0D0A093C703E4F66726563656E206D61796F72207265736F6C756369266F61637574653B6E2061206469666572656E636961206465206C617320747261646963696F6E616C65732063266161637574653B6D617261732064652073656775726964616420646520636972637569746F206365727261646F206F2063266161637574653B6D61726173207765622E3C2F703E0D0A093C2F6C693E0D0A093C6C693E0D0A093C703E5065726D6974656E2076657220656E207469656D706F207265616C206C6F2071756520657374266161637574653B20706173616E646F20656E20656C206C756761722071756520657374266161637574653B7320766967696C616E646F2C2073696E20696D706F72746172206C612064697374616E6369612061206C612071756520736520656E6375656E7472653C2F703E0D0A093C2F6C693E0D0A093C6C693E0D0A093C703E53266F61637574653B6C6F2070756564656E2073657220766967696C6164617320706F7220706572736F6E6173206175746F72697A61646173206F207469656E656E206C61206F706369266F61637574653B6E206465206F6672656365722061636365736F206C6962726520656E206469726563746F20736920646573656120696E636F72706F726172206C617320677261626163696F6E6573206120756E20736974696F207765622C20706F7220656A656D706C6F20656E20656C206361736F2064652067756172646572266961637574653B6173206F2065736375656C61732E3C2F703E0D0A093C2F6C693E0D0A093C6C693E0D0A093C703E446973706F6E656E20646520756E2066696C74726F20696E66726172726F6A6F206175746F6D266161637574653B7469636F2C2071756520736520636F6C6F636120656E20656C206363642073266F61637574653B6C6F20656E2064657465726D696E6164617320636F6E646963696F6E6573206465206C757A2C2070726F706F7263696F6E616E646F20696D266161637574653B67656E6573206120636F6C6F72206375616E646F206C61206C757A2065732074656E75652E3C2F703E0D0A093C2F6C693E0D0A093C6C693E0D0A093C703E416C67756E61732063266161637574653B6D61726173206970207469656E656E2073656E736F72206465206D6F76696D69656E746F204C61732063266161637574653B6D617261732069702067657374696F6E616E206C612063616E7469646164206465206C757A2C20656C20657175696C696272696F20646520626C616E636F732C206C61206E69746964657A2079206F74726F73206173706563746F73206465206C617320696D266161637574653B67656E65732E3C2F703E0D0A093C2F6C693E0D0A3C2F756C3E0D0A, 'img/noticias/20180804120840.jpg', 'ventajas-de-camaras-ip', 'S', '1', '2018-08-06 21:13:33');
INSERT INTO `noticia` VALUES ('2', 'C치maras de Circuito Cerrado', 0x3C703E4C61732063266161637574653B6D6172617320646520636972637569746F206365727261646F2C206D656A6F7220636F6E6F636964617320636F6D6F20434354562C20736F6E207574696C697A61646173207061726120766172696F732070726F70266F61637574653B7369746F732C20696E636C7579656E646F206C612070726576656E6369266F61637574653B6E206465206372696D656E65732E20416C207072696E636970696F2C2065737465207469706F2064652063266161637574653B6D617261732064652073656775726964616420657261207574696C697A61646F20656E206573746163696F6E616D69656E746F73206469736D696E7579656E646F20656E20756E20353125206C6F73206163746F732064656C69637469766F732E3C2F703E0D0A0D0A3C703E4573746120657320756E61206465206C61732072617A6F6E6573207072696D6F726469616C657320706F72206C617320717565206167656E746573207365677572696461642070267561637574653B626C69636F732079207072697661646F732068616E20646563696469646F207574696C697A617220756E20434354562074616E746F20706172612070726576656E6972206163746F732064656C69637469766F7320636F6D6F2070617261206964656E7469666963617220612064656C696E6375656E7465732E3C2F703E0D0A0D0A3C703E4F74726F2075736F2064656C204343545620657320656C20717565207365206C65206461207061726120657374617220616C2070656E6469656E7465206465206C6F207175652073756365646520656E20756E61207A6F6E6120616D706C69613B20706F7220656A656D706C6F2C2073652061636F7374756D627261207574696C697A617220657374652073697374656D612064652073656775726964616420656E207469656E64617320646520636F6E76656E69656E636961206F207469656E64617320696E646570656E6469656E7465732C2070617261206179756461722061206C6F7320656E6361726761646F73206120766967696C61722061206C617320706572736F6E61732071756520656E7472616E20792064652065736120666F726D612070726576656E69722064657374726F7A6F73206F20726F626F732E3C2F703E0D0A0D0A3C703E446520696775616C20666F726D612065737461732063266161637574653B6D61726173207365207574696C697A616E20656E206772616E6465732066266161637574653B6272696361732C2070617261206D6F6E69746F72656172206C6F732070726F6365736F7320696E647573747269616C657320717565207365206465736172726F6C6C616E2062616A6F20636F6E646963696F6E65732070656C6967726F7361732070617261206C6F732074726162616A61646F7265733B20636F6D6F2070726F6365736F7320636F6E2073757374616E63696173207175266961637574653B6D696361732C20656E20616C67756E6173206F636173696F6E65732065737461732063266161637574653B6D61726173207469656E656E206D6F6E69746F72656F2064652074656D70657261747572612E3C2F703E0D0A0D0A3C703E4C61206D61796F72266961637574653B61206465206C61732063266161637574653B6D6172617320646520636972637569746F206365727261646F2C207365206D6F6E69746F7265616E20646573646520756E2073266F61637574653B6C6F206C756761722C20706F722065736F206C61732063266161637574653B6D6172617320697020736F6E20756E6120657863656C656E7465206F706369266F61637574653B6E207061726120617175656C6C6F7320717565207175696572656E206D6F6E69746F726561722064657364652064697374616E63696173206C656A616E61732E3C2F703E0D0A0D0A3C703E4C61732063266161637574653B6D6172617320697020736F6E20646973706F73697469766F7320617574266F61637574653B6E6F6D6F732C206573746F2071756965726520646563697220717565206E6F20657374266161637574653B6E20636F6E65637461646173206120756E20636972637569746F206365727261646F2064652074656C6576697369266F61637574653B6E3B206375656E74617320636F6E20756E207365727669646F722077656220717565206C6573207065726D697465207472616E736D69746972206C617320696D266161637574653B67656E657320612074726176266561637574653B73206465206C617320726564657320697020284C414E2C2057414E206520494E5445524E4554293B206173266961637574653B2071756520636F6D6F20746520696D6167696E6172266161637574653B732C20706F6472266161637574653B7320726576697361722073752067726162616369266F61637574653B6E206465736465206375616C717569657220646973706F73697469766F207175652074656E676120756E6120636F6E657869266F61637574653B6E206120696E7465726E65742E3C2F703E0D0A0D0A3C703E41637475616C6D656E7465206C61732063266161637574653B6D6172617320495020736F6E206C6173206D266161637574653B7320736F6C69636974616461732079206C6F7320717565206D266161637574653B732062656E65666963696F73206F66726563656E2C2073696E20656D626172676F2C20636164612073697475616369266F61637574653B6E207920636F6E746578746F20616D657269746120756E207469706F2064652063266161637574653B6D617261206469666572656E74652C20616E616C697A61206269656E2074752073697475616369266F61637574653B6E207920726576697361206C6F73206469666572656E74657320617274266961637574653B63756C6F73207175652074656E656D6F7320706172612074692C20656E20646F6E646520656E636F6E74726172266161637574653B73206C6120696E666F726D616369266F61637574653B6E2070657274696E656E746520736F627265206C6173206361726163746572266961637574653B737469636173206465206361646120756E612E3C2F703E0D0A0D0A3C703E536920657374266161637574653B732062757363616E646F20646F6E646520636F6D707261722063266161637574653B6D61726173206465207365677572696461642C20657374266161637574653B7320656E20656C206C7567617220636F72726563746F2C20726576697361206E756573747261207365636369266F61637574653B6E2064652070726F647563746F7320706172612072657669736172206C6F73206469666572656E7465732070726F647563746F7320792070726F6D6F63696F6E6573207175652074656E656D6F7320706172612074692C20636F6E74616D6F7320636F6E20646976657273617320666F726D6173206465207061676F207920656E76266961637574653B6F206120646F6D6963696C696F20612074726176266561637574653B732064652065737461666574612E3C2F703E0D0A, 'img/noticias/20180804110853.jpg', 'camaras-de-circuito-cerrado', 'S', '1', '2018-08-06 20:44:14');
INSERT INTO `noticia` VALUES ('3', 'Dom칩tica un mercado rentable y con oportunidad', 0x3C703E4C61207465636E6F6C6F67266961637574653B61206F66726563652061637475616C6D656E7465206C6120706F736962696C69646164206465206175746F6D6174697A61722063617361732079206F666963696E617320612074726176266561637574653B73206465206469666572656E7465732073697374656D6173207920646973706F73697469766F732E3C2F703E0D0A0D0A3C703E4C6120646F6D266F61637574653B7469636120657320756E2061726361206465206F706F7274756E6964616465732071756520736520616272656E207061726120656C2063616E616C2C206465736465206C612076656E7461206465206C6F7320646973706F73697469766F732C206C6120696E7374616C616369266F61637574653B6E206465206C6120696E66726165737472756374757261206E6563657361726961207061726120717565206C617320736F6C7563696F6E6573207365207675656C76616E20756E61207265616C69646164206F206269656E20656C206465736172726F6C6C6F206465206E75657661732061706C69636163696F6E65732E3C2F703E0D0A0D0A3C703E4573746520706F727461666F6C696F206465206175746F6D6174697A616369266F61637574653B6E206C6C6567266F61637574653B20706172612071756564617273652C2079612071756520636F6E20656C6C612073652070756564656E206F6274656E6572207465636E6F6C6F67266961637574653B61732070726F7069617320646520756E612070656C266961637574653B63756C61206465206669636369266F61637574653B6E2071756520686F7920796120736F6E20756E61207265616C69646164207920657374266161637574653B6E20706F722063616D62696172206E75657374726F20657374696C6F20792063616C6964616420646520766964612E20506F7220656A656D706C6F2C20636F6E206C617320736F6C7563696F6E657320646520646F6D266F61637574653B7469636120657320706F7369626C6520636F6E74726F6C6172206C61206C757A2C206C6120656E657267266961637574653B612C206C6F732073697374656D617320646520766964656F766967696C616E6369612C206C6120636C696D6174697A616369266F61637574653B6E2C206C6F732073697374656D617320646520726965676F2C206C6F7320656C656374726F646F6D266561637574653B737469636F732C20616C61726D61732C20707565727461732C2074656C266561637574653B666F6E6F732C20656E747265206D7563686173206F7472617320636F736173206D266161637574653B73206465206D6F646F2072656D6F746F2E204C6F20616E746572696F72206772616369617320612073697374656D617320717565206F627469656E656E20696E666F726D616369266F61637574653B6E207920736F6E20636170616365732064652070726F63657361726C61207061726120656A65637574617220266F61637574653B7264656E657320646520636F6E74726F6C20612064697374616E63696120717565207065726D6974656E20656C20686162696C6974616D69656E746F2064652063617361732C206F666963696E6173206F206375616C7175696572206573706163696F20696E74656C6967656E74652E204C6F2073697374656D617320736520696E74656772616E2061206C612072656420656C266561637574653B63747269636120646F6D266561637574653B7374696361207920656E20616C67756E6F73206361736F73206C6F7320646973706F73697469766F7320636F6E74726F6C61646F732070756564656E2074656E657220636F6D756E6963616369266F61637574653B6E20656E7472652073266961637574653B2C206772616369617320612063696572746F7320657374266161637574653B6E646172657320792070726F746F636F6C6F7320717565206C6F207065726D6974656E2E3C2F703E0D0A0D0A3C703E4C61206F666572746120726573706F6E64652061206C61206E65636573696461642071756520657869676520656C207269746D6F2064652076696461206465206369657274617320706572736F6E6173206465207562697175696461642C2071756520686F7920657320706F7369626C6520677261636961732061206C61207465636E6F6C6F67266961637574653B612E204164656D266161637574653B732C206C612061636365736962696C69646164206465206573746F732070726F647563746F732061637475616C6D656E746520657320756E20686563686F2C206C6F20717565207065726D69746520717565206C617320736F6C7563696F6E65732073652070726F70616775656E2079206372657A63616E20636F6E206D61796F72207261706964657A207920636F6E20656C6C6F20756E61206372656369656E7465206F6C61206465206E65676F63696F732070617261206C6F7320646973747269627569646F7265732C20696E7465677261646F7265732079206465736172726F6C6C61646F7265732E204E6F206F627374616E74652C206C6F20616E746572696F72207469656E6520756E207265746F3A20266C6471756F3B416E746572696F726D656E7465206C6120646F6D266F61637574653B746963612070726573656E74616261206772616E646573206D266161637574653B7267656E65732064656269646F2061206C6120706F63612064656D616E6461207920706F7220656C2070726563696F206465206C6F732070726F647563746F732C20736F6C6F20616363657369626C652061207573756172696F7320646520616C746F20706F64657220616471756973697469766F2C20686F7920656E2064266961637574653B612C2064656269646F2061206C6F73206176616E636573207465636E6F6C266F61637574653B6769636F7320657869737465206D7563686120636F6D706574656E63696120792064656D616E64612C20706F72206C6F20717565206C6F73206D266161637574653B7267656E657320736F6E206D656E6F7265732C20706F7220656C6C6F206C6120696D706F7274616E63696120656E206C6120696E74656772616369266F61637574653B6E2C206C612063616C696461642064656C20736572766963696F20656E206C61206D61796F72266961637574653B61206465206C6F73206361736F7320656E20636F6E6A756E746F20636F6E20656C2070726F647563746F2068616365206C61206469666572656E63696126726471756F3B2C20646574616C6C266F61637574653B20416C656A616E64726F205265626F6C6C61722C20676572656E74652067656E6572616C206465204D6F72646F6D75732C20717569656E206167726567266F61637574653B207175652073696E20656D626172676F2C20266C6471756F3B6C617320736F6C7563696F6E65732063726563656E20706F7263656E7475616C6D656E7465206465206D616E657261206772616475616C2064656269646F206120717565206C6120616471756973696369266F61637574653B6E206465206C6F732065717569706F732C20636F6E6669677572616369266F61637574653B6E206520696E7374616C616369266F61637574653B6E207961206573206D266161637574653B73207072266161637574653B63746963612C206C6F6772616E646F206173266961637574653B20717565206C617320636F6E66696775726163696F6E65732073656E63696C6C6173207365616E207265616C697A6164617320656E20656C206D6F6D656E746F20796120706F7220656C207573756172696F20636F6E20756E6120696E74657266617A20616D696761626C652079206D616E656A6F2072266161637574653B7069646F26726471756F3B2E3C2F703E0D0A0D0A3C703E456C20656A6563757469766F206465204D6F72646F6D75732C206162756E64266F61637574653B207265666572656E74652061206C612065787065637461746976612064652063726563696D69656E746F20717565207469656E656E2064656C206D65726361646F3A20266C6471756F3B4C6F7320646973706F73697469766F73206D266F61637574653B76696C657320696E74656C6967656E7465732C20656E2065666563746F2C20726570726573656E746172266161637574653B6E206D266161637574653B732064656C20373025206465206C6F73206578697374656E7465732061206E6976656C20676C6F62616C2C206375616E646F2065737461206369667261206572612064652074616E20736F6C6F20656C2033362520656E20656C2061266E74696C64653B6F20323031352E204C6F20717565206E6F7320646120706F7220636F6E73656375656E63696120717565206E6F736F74726F7320616C2068616365722075736F206465206573746F7320646973706F73697469766F7320792061686F7261206C6F20717565206C6C616D616D6F7320656C20496E7465726E6574206465206C617320636F7361732028496F54292070726573656E74656D6F7320756E2063726563696D69656E746F2064652032322520656E20656C2070726F7965637461646F207061726120656C2061266E74696C64653B6F203230323026726471756F3B2E3C2F703E0D0A0D0A3C703E456E20656C206361736F20646520442D4C696E6B2C206C6120656D70726573612065737065726120717565207061726120656C203230313720737520706F727461666F6C696F2064652063266161637574653B6D6172617320636F6E65637461646173207920636F6E74726F6C61646173206465736465206C61206E756265204D79442D4C696E6B206372657A63616E20756E203237252C20616C20696775616C207061726120636F6D706C656D656E746172207375206F666572746120706C616E65616E20656C206C616E7A616D69656E746F20646520756E61206E75657661206D6172636120706172612063726563657220656E206573746120266161637574653B7265612C206465206163756572646F20636F6E204172266F61637574653B6E204F6C766572612C20676572656E74652064652063616E616C2E3C2F703E0D0A0D0A3C703E456E2065666563746F2C20496E7465726E6574206465206C617320636F73617320657320756E61206465206C61732074656E64656E6369617320717565206D266161637574653B732061706F72746120616C2063726563696D69656E746F206465206175746F6D6174697A616369266F61637574653B6E206465206361736173207920656469666963696F73207920717565206D266161637574653B732073652072656C6163696F6E6120616C20636F6E636570746F20646520646F6D266F61637574653B746963612C20636F6E2073752070726F70756573746120696D70756C7361206C6120637265616369266F61637574653B6E2064656C20736D61727420686F6D6573207920736D617274206F6666696365732E204C6F73206465736172726F6C6C6F7320646520496F5420636F6D6F2073656E736F726573206465206D6F76696D69656E746F207061726120726563617564617220696E666F726D616369266F61637574653B6E2C20736520696E636C7579656E20612073752076657A20656E206C6F732070726F796563746F73206465206175746F6D6174697A616369266F61637574653B6E3B20266C6471756F3B456C2075736F2064652067616467657473207920646973706F73697469766F73206361706163657320646520656E74726567617220696E666F726D616369266F61637574653B6E20706F722073266961637574653B20736F6C6F7320636F6D6F20756E206465746563746F7220717565207065726D697461206D65646972206C756D696E6F73696461642C2074656D70657261747572612C2070726573656E636961207920636F6E6F63657220736920756E612070756572746120657374266161637574653B2061626965727461206F206365727261646120657320756E61207265616C6964616426726471756F3B2C2064696A6F20616C20726573706563746F205265626F6C6C61722C20717569656E2061266E74696C64653B616469266F61637574653B3A20266C6471756F3B656C206F626A657469766F20657320616C63616E7A6172206C6F7320313933206D696C6C6F6E657320646520646973706F73697469766F7320496F54207061726120656C203230323026726471756F3B2C20636F6E206C6F20717565206C6F732070726F796563746F73206465206175746F6D6174697A616369266F61637574653B6E20736520766572266161637574653B6E20636F6E206D266161637574653B73206672656375656E636961207061726120656E746F6E6365732E3C2F703E0D0A0D0A3C703E4F74726F2074656D612071756520657320756E20646562657220696E636C75697220656E206C617320736F6C7563696F6E6573207920646973706F73697469766F73206573206C612073656775726964616420792070726F7465636369266F61637574653B6E2070617261206576697461722073657220696E74657276656E69646F7320706F722063696265726372696D696E616C65732E20266C6471756F3B4C612073656775726964616420792076756C6E65726162696C6964616420717565207075656465206578697374697220656E206C6F732065717569706F7320657320756E2074656D61207265616C2E20436F6D6F20666162726963616E746573206C652064616D6F73207072696F72696461642061206C612070726F7465636369266F61637574653B6E206465206C6F7320646973706F73697469766F73207920656E2065736F2073652074726162616A6120656E206C6120696E6475737472696120656E2067656E6572616C2E204C6F2063696572746F20657320717565206E696E67756E61207265642065732031303025207365677572612C20706F7220656C6C6F20736520646562656E206465206D616E74656E6572206D656469646173206D266961637574653B6E696D6173206465207365677572696461642C2070617373776F7264732072657669736172206C6F7320726F7574657273207061726120736162657220717565206E6F2068617920696E74656E6369266F61637574653B6E20646520696E747275736F7320646520656E7472617220792063726561722063756C7475726126726471756F3B2C20737562726179266F61637574653B204361726C6F7320416C6465636F2C206469726563746F722064652076656E74617320656E204D266561637574653B7869636F2064652057654D6F2079204C696E6B7379732C20717569656E20636F6E7369646572266F61637574653B207175652063726561722068266161637574653B6269746F732064652073656775726964616420736572266161637574653B206C61206D656A6F7220766163756E6120706172612065766974617220617461717565732C20756E6120746172656120717565206C6F732063616E616C657320706F6472266961637574653B616E20666163696C697461722E3C2F703E0D0A0D0A3C703E556E612074656E64656E63696120656E2074656D6120646520646F6D266F61637574653B74696361207175652074616D6269266561637574653B6E206F667265636572266161637574653B20657363656E6172696F7320696E657370657261646F7320657320656C2075736F206465206C61207265616C69646164207669727475616C207061726120656C20636F6E74726F6C2C206D6F6E69746F72656F207920737570657276697369266F61637574653B6E20646520756E612076697669656E64612C2074616C20636F6D6F206C6F206578706C6963266F61637574653B20656C20676572656E74652067656E6572616C206465204D6F72646F6D75732E3C2F703E0D0A0D0A3C703E42656E65666963696F733A3C2F703E0D0A0D0A3C703E4C6F73206465736172726F6C6C6F7320646520646F6D266F61637574653B746963612074616D6269266561637574653B6E206272696E64616E2076656E74616A6173206E6F2073266F61637574653B6C6F20656E2074266561637574653B726D696E6F7320646520636F6D6F64696461642073696E6F2064653A3C2F703E0D0A0D0A3C756C3E0D0A093C6C693E0D0A093C703E41686F72726F7320646520656E657267266961637574653B613A2059612071756520616C2067657374696F6E6172206C6F732073697374656D617320656E657267266561637574653B7469636F732076266961637574653B612072656D6F7461207365206C6F677261206C61206566696369656E6369612064656C2075736F207920676173746F206465206C6F73206D69736D6F732E20266C6471756F3B4175746F6D6174697A616369266F61637574653B6E20657320756E6120696E7665727369266F61637574653B6E2079206E6F20756E20676173746F20706F72717565207365207075656465206E6F74617220656E20656C2072656369626F206465206C61206C757A26726471756F3B2C2064696A6F20612070726F70266F61637574653B7369746F2C20416C6465636F2E3C2F703E0D0A093C2F6C693E0D0A093C6C693E0D0A093C703E5365677572696461643A20756E61206465206C61732061706C69636163696F6E6573206465737461636164617320706F7220656C206469726563746F722064652076656E7461732064652057654D6F2C206573206C6120666F726D6120656E206C612071756520616C2074656E657220636F6E74726F6C206465206C6F732073697374656D6173206465206C757A2073652070756564652061706172656E7461722070726573656E63696120656E206C61732063617361732C20726564756369656E646F20636F6E736964657261626C656D656E7465206C6120706F736962696C6964616420646520756E20616C6C616E616D69656E746F2C20706F72206C6F20717565207661636163696F6E6573207920617573656E6369617320706F722074726162616A6F20706F6472266161637574653B6E20746F6D6172736520646520756E206D6F646F206D266161637574653B732072656C616A61646F2E2054616D6269266561637574653B6E20736520707565646520636F6E74726F6C6172206C6F207175652073756365646520656E206C6F73206573706163696F732C207061726120736162657220736920616C677569656E20656E7472612C207061726120656C20636F6E74726F6C206465206E69266E74696C64653B6F732C20706572736F6E616C206F206D6173636F7461732C20612074726176266561637574653B732064652073697374656D61732064652063266161637574653B6D6172617320636F6E6563746164617320636F6D6F206C617320717565206F667265636520442D4C696E6B2C20636F6E206C617320717565206772616369617320616C2061636365736F20677261747569746F2061206C61206E75626520646520646963686120656D70726573612073652070756564656E20766572207920636F6E74726F6C6172206C6F732065717569706F732E20416172266F61637574653B6E204F6C766572612C20676572656E74652064652063616E616C206465206C6120616E746572696F72206D617263612C2064696A6F2071756520266561637574653B73746520657320756E6F206465206C6F73206D6F7469766F73206D266161637574653B73206672656375656E7465732064656C2075736F20646520736F6C7563696F6E6573206465206175746F6D6174697A616369266F61637574653B6E2C20266C6471756F3B4573206D757920636F6D267561637574653B6E20717565206C612067656E746520717565206E6F20657374266161637574653B20656E206361736120686167612075736F206465206E75657374726F732070726F647563746F732C20706F7271756520686F79206C61207065726365706369266F61637574653B6E20646520696E73656775726964616420656E206E75657374726F207061266961637574653B73206372656365207920636F6D6F206D756368617320766563657320657320696D706F7369626C65206573746172207369656D70726520616C2070656E6469656E74652C206C617320706572736F6E61732061686F72612070756564656E206C6F677261726C6F20636F6E20657374617320736F6C7563696F6E657326726471756F3B2E3C2F703E0D0A093C2F6C693E0D0A3C2F756C3E0D0A0D0A3C703E4C6120646F6D266F61637574653B746963612073652070756564652061706C696361722074616D6269266561637574653B6E20636F6E206D756368617320696E74656E63696F6E6573207920656E206D756368617320266161637574653B7265617320636F6E20736F6C7563696F6E6573207061726120656E74726574656E696D69656E746F20636F6E20656C2075736F20646520646973706F73697469766F7320636F6D6F2074656C65766973696F6E65732C20726164696F2C20766964656F6A7565676F732C20636F6E74726F6C206465206D267561637574653B7369636120736F6E69646F2C2070726F79656363696F6E65732C20656E747265206F74726F732E20456E20766572746963616C657320636F6D6F207065717565266E74696C64653B61732C206D656469616E61732079206772616E64657320656D7072657361732C20656E2073616C75642C20656E20656C20736563746F722065647563617469766F2C20676F626965726E6F2C20736F6E20736F6C6F20616C67756E6F7320706F7369626C657320696E746572657361646F7320656E206175746F6D6174697A6172206C6F7320616D6269656E7465732E20456E20657374652074656E6F722C205265626F6C6C61722070756E7475616C697A266F61637574653B3A20266C6471756F3B4C612064656D616E6461206573206D7579207661726961626C652064656269646F206120717565206C61207A6F6E612067656F6772266161637574653B6669636120696D7061637461206465206D616E657261206469666572656E74652C207065726F2073696E2064756461206C6173207A6F6E617320686F74656C657261732079207265736964656E6369616C657320736F6E206C612070756E746120646520616C7A6120656E20646F6D266F61637574653B7469636126726471756F3B2E3C2F703E0D0A0D0A3C703E456E206F70696E69266F61637574653B6E20646520416C6465636F2C20266C6471756F3B456E2065737465206D6F6D656E746F206C612061646F706369266F61637574653B6E206465206573746173207465636E6F6C6F67266961637574653B617320657374266161637574653B20636F6E206C6F73206561726C792061646F70746572732079206C6F7320656E7475736961737461732C206C6F207175652076656D6F7320657320717565206C6120636F6D756E6963616369266F61637574653B6E206465206C617320736F6C7563696F6E6573207661206C656E746F20792063616D696E6120646520626F636120656E20626F63612C2061267561637574653B6E20736520726571756965726520686163657220656A6572636963696F73206465207075626C696369646164206D61736976612070617261207175652070656E65747265206D756368617320266161637574653B726561732E20596120717565206375616E646F207665732063266F61637574653B6D6F2066756E63696F6E6120756E6120736F6C756369266F61637574653B6E20746520696E74657265736126726471756F3B2E20446520686563686F2C206170756E74266F61637574653B2071756520756E612064656D616E646120636C617261206465206175746F6D6174697A616369266F61637574653B6E20657320656E20696C756D696E616369266F61637574653B6E20646F6E64652076656E206D7563686F20696E746572266561637574653B732064656269646F2061206C6F732061686F72726F732071756520736520616C63616E7A616E2E20506F7220656C6C6F20636F6E2057654D6F206F66726563656E2073697374656D617320646520636F6E74726F6C20646520696C756D696E616369266F61637574653B6E207920646520656C656374726F646F6D266561637574653B737469636F732C2061756E61646F206120717565206C6120636F6D7061266E74696C64653B266961637574653B61206F667265636520616C206D69736D6F207469656D706F20656C20636F6D706C656D656E746F20636F6E207375206D61726361204C696E6B7379732071756520696E636C7579652065717569706F7320636F6D6F20726F7574657273207920616363657320706F696E74732C207061726120706F736962696C69746172206C6120657870657269656E636961206465206175746F6D6174697A616369266F61637574653B6E2C2079612071756520656E20646F6D266F61637574653B74696361206573206E656365736172696120756E6120636F6E657869266F61637574653B6E20612074726176266561637574653B7320646520756E612072656420616C266161637574653B6D6272696361206F20696E616C266161637574653B6D62726963612E3C2F703E0D0A0D0A3C703E5265746F732079206573667565727A6F7320656E206E6F6D627265206465206C6120646F6D266F61637574653B746963613A3C2F703E0D0A0D0A3C703E45737465206D65726361646F20616C20736572206E7565766F20656E6672656E7461206465736166266961637574653B6F732C204361726C6F7320416C6465636F206D656E63696F6E266F61637574653B2071756520756E6F206465206C6F73207072696E636970616C6573206573207175653A20266C6471756F3B486F79206C6173206D61726361732066756E63696F6E616E206465736465207375732070726F70696173206E756265732079206120706573617220646520717565206578697374656E207961206573667565727A6F7320706172612071756520766172696F732065636F73697374656D61732066756E63696F6E656E20646573646520756E6120706C617461666F726D6120696E746567726164612C2061267561637574653B6E20656C2075736F206465206E756265732070726F70696120706F722065717569706F206F20646973706F73697469766F206672656E61206D7563686F206C612061646F706369266F61637574653B6E2E20456C2070726F626C656D61207072696E636970616C20657320717565206C6120696E64757374726961206E6F2073652068612073656E7461646F206120706F6E65727365206465206163756572646F2E20436C61726F207961206578697374656E206573667565727A6F73207175652074726174616E20646520756E69666963617220636F6E20706C617461666F726D6173206465207465726365726F732C20756E20656A656D706C6F20657320656C6C6F20486F6D654B69742E2053696E20656D626172676F2C206F74726F2070726F626C656D6120657320717565206C617320736F6C7563696F6E6573206465206175746F6D6174697A616369266F61637574653B6E20736F6E206D75636861733B20696C756D696E616369266F61637574653B6E2C206465746563746F7265732064652068756D6F2C2073656E736F726573206465206D6F76696D69656E746F2079206C6120696465612065732071756520736520696E746572636F6E656374656E20656E7472652073266961637574653B26726471756F3B2C206578706C6963266F61637574653B2071756520656C20657363656E6172696F20696465616C20657320717565206C612061646F706369266F61637574653B6E20737563656461206D266161637574653B732072266161637574653B7069646F2C2070617261206C6F20717565207365207265717569657265206D61796F726573206573667565727A6F73207920636F6D756E6963616369266F61637574653B6E20656E206C6120496E647573747269612E3C2F703E0D0A0D0A3C703E416C67756E6F732070726F746F636F6C6F73207920657374266161637574653B6E64617265732079612073652068616E2070726F70756573746F20656E206C6120696E647573747269612070617261206C6F677261722065736120696E746572636F6E657869266F61637574653B6E2C20706F7220656A656D706C6F3A20656C206575726F70656F204B4E582C20656C20616D65726963616E6F204C4F4E776F726B732C204241436E6574206F204D6F646275732C2043454275732C20444D582C206F205831302E3C2F703E0D0A0D0A3C703E456C2063616E616C3A3C2F703E0D0A0D0A3C703E54616E746F2063616E616C657320636F6D6F20636F6E73756D69646F72657320646562656E2064652074656E657220656E206D656E74652C207175266561637574653B207469706F20646520736F6C756369266F61637574653B6E206573206C61206D656A6F722070617261207265736F6C76657220756E61206E6563657369646164207175652061706F72746520656E2066756E63696F6E616C6964616420792062656E65666963696F732E3C2F703E0D0A0D0A3C703E456E20646F6D266F61637574653B746963612C206C6F7320736572766963696F7320646520706F7376656E746120736F6E206D757920696D706F7274616E74657320706F7271756520656C2063616E616C20646562652064652065737461722070726570617261646F207061726120656E7472656761726C6F73207920636F6E20656C6C6F2067656E65726172206D266161637574653B732067616E616E6369612E20556E61207265636F6D656E64616369266F61637574653B6E20706F72207061727465206465206C6F7320666162726963616E74657320646520646F6D266F61637574653B746963612061206C6F7320646973747269627569646F7265732065732074726162616A617220636F6E206D61726361732071756520696E636C7579616E20676172616E74266961637574653B617320656E206C6F732065717569706F732070617261206F66726563657220756E206275656E20736572766963696F2061206C6F7320636C69656E7465732C206164656D266161637574653B7320646520717565206C657320736572266161637574653B20756E2076616C6F7220616772656761646F206F66726563657220676172616E74266961637574653B6120646520696E7374616C616369266F61637574653B6E20706172612067656E65726172206D266161637574653B7320636F6E6669616E7A612E204173266961637574653B20636F6D6F2074616D6269266561637574653B6E2064657374616361726F6E206C6120696D706F7274616E6369612064652074726162616A617220636F6E20756E6120656D707265736120717565206375656E746520636F6E20756E61206C266961637574653B6E6561206465206174656E6369266F61637574653B6E2070617261207265736F6C766572206C61732076696369736974756465732071756520696E6576697461626C656D656E746520706173616E2E3C2F703E0D0A0D0A3C703E5265666572656E74652061206C6F7320656E7472656E616D69656E746F732C20416C656A616E64726F205265626F6C6C61722C20676572656E74652067656E6572616C206465204D6F72646F6D75732C2064696A6F20717565206C617320686162696C696461646573207175652072657175696572656E206164717569726972206C6F7320736F63696F732070617261206174656E64657220656C206D65726361646F206465206175746F6D6174697A616369266F61637574653B6E2079207265616C697A6172206C6173206D656A6F72657320696E7374616C6163696F6E65732C206F206269656E206C61206D656A6F722064697374726962756369266F61637574653B6E206465206C6F732070726F647563746F732C20266C6471756F3B4465626520697220616C696E656164612061206C612063617061636964616420646520617072656E64697A616A652079206164617074616369266F61637574653B6E2061206E7565766173207465636E6F6C6F67266961637574653B617320636F6E20636F6E6F63696D69656E746F7320656E20736F6C7563696F6E6573206465207365677572696461642C20656C656374726963696461642C2074656C65636F6D756E69636163696F6E65732C20656E74726574656E696D69656E746F2C20657463266561637574653B746572612C206173266961637574653B20636F6D6F2074616D6269266561637574653B6E20656C20636F6E6F63696D69656E746F2064652070726F746F636F6C6F7320646520636F6D756E6963616369266F61637574653B6E2C206573746F20636F6E206C612066696E616C69646164206465207265616C697A617220696E746567726163696F6E6573206D266161637574653B7320636F6D706C65746173207175652063756D706C616E206C6173206E65636573696461646573206465206C6F73207573756172696F732E26726471756F3B3C2F703E0D0A0D0A3C703E506F72206F74726F206C61646F2C206C612061637475616C697A616369266F61637574653B6E206465206C6F7320636F6E6F63696D69656E746F73206573206D757920696D706F7274616E74652061206465636972206465205265626F6C6C61722C20266C6471756F3B416C2073657220266561637574653B73746520756E20736563746F7220736F6D657469646F206120756E612072266161637574653B706964612065766F6C756369266F61637574653B6E206465206C61207465636E6F6C6F67266961637574653B61207061726120706F6465722073657220636F6D706574697469766F2C20726573756C746120696D7072657363696E6469626C6520656C206D616E74656E657273652061637475616C697A61646F20656E20746F646F206D6F6D656E746F20636F6E206C612066696E616C69646164206465206F6672656365722061206C6F73207573756172696F7320756E6120736F6C756369266F61637574653B6E206D266161637574653B7320636F6D706C657461206F6672656369656E646F20656E20636F6E73656375656E636961206D61796F722063616E74696461642064652062656E65666963696F7320616C207573756172696F26726471756F3B2E3C2F703E0D0A, 'img/noticias/20180806220826.jpg', 'domotica-un-mercado-rentable-y-con-oportunidad', 'S', '1', '2018-08-06 22:08:26');
INSERT INTO `noticia` VALUES ('4', 'La empresa s칩lo puede usar el GPS del coche para controlar a los empleados en horario laboral', 0x3C703E4573206C6567616C2071756520656C206A65666520696E7374616C6520656E20656C20636F63686520646520656D707265736120756E2047505320792C2061267561637574653B6E2073696E20747520636F6E73656E74696D69656E746F2C206861676120756E2073656775696D69656E746F206578686175737469766F206465207475206163746976696461642C207065726F206465626572266161637574653B20636F6D756E6963266161637574653B7274656C6F207920646573686162696C697461726C6F20756E612076657A2066696E616C696365207475206A6F726E616461206C61626F72616C2E3C2F703E0D0A0D0A3C703E456C2054726962756E616C205375706572696F72206465204A75737469636961202854534A2920646520417374757269617320636F6E6669726D612065737461206C266961637574653B6E6561206A7572697370727564656E6369616C20656E20756E612072656369656E74652073656E74656E636961202861636365646520617175266961637574653B20616C20746578746F292C20656E206C6120717565206461206C612072617A266F61637574653B6E206120756E6120656D70726573612C20646564696361646120616C206D616E74656E696D69656E746F2064652073697374656D61732064652074656C65636F6D756E69636163696F6E65732C2071756520646563696469266F61637574653B20696E7374616C617220756E2073697374656D612047505320656E206C6F7320766568266961637574653B63756C6F7320646520656D7072657361207574696C697A61646F7320706F72207375732074266561637574653B636E69636F7320636F6E20656C2066696E20646520686163657220756E2073656775696D69656E746F20646520737520616374697669646164206C61626F72616C2E20456C20636F6D6974266561637574653B20646520656D70726573612028436F6D6973696F6E6573204F6272657261732920696D7075676E266F61637574653B206C61206D65646964612C207065726F20656C206A757A6761646F206465206C6F20736F6369616C2072656368617A266F61637574653B20746F646173207375732070726574656E73696F6E65732E20506564266961637574653B612071756520736520616E756C617261206C6120646563697369266F61637574653B6E2C20706F722073657220636F6E7472617269612061206C6F73206465726563686F73206465206C6F732074726162616A61646F72657320792C20656E206361736F20636F6E74726172696F2C2071756520736520696D706964696573652071756520656C20636F6E74726F6C20706F72204750532073652070726F6C6F6E67617365206D266161637574653B7320616C6C266161637574653B206465206C61206A6F726E616461206C61626F72616C2E20456C2054534A2064652041737475726961732C2066696E616C6D656E74652C2073266961637574653B20616363656469266F61637574653B2061206573746120267561637574653B6C74696D612064656D616E64612C206578696769656E646F20616C20656D706C6561646F722071756520696E7374616C61726120756E2073697374656D6120717565207065726D69746965726120646573686162696C6974617220656C2047505320756E612076657A2063756D706C69646F20656C20686F726172696F206C61626F72616C2E3C2F703E0D0A0D0A3C703E556E2065666963617A2073697374656D6120646520636F6E74726F6C3A3C2F703E0D0A0D0A3C703E456C206F726967656E2064656C20636F6E666C6963746F206C61626F72616C2C206C6120696E7374616C616369266F61637574653B6E20646520756E2073697374656D612047505320656E206C6F7320766568266961637574653B63756C6F7320646520656D70726573612C207375706F6E266961637574653B6120756E20636F6E74726F6C20646574616C6C61646F2079206578686175737469766F206465206C6120616374697669646164206465206C6F732074266561637574653B636E69636F73207175652C20686162697475616C6D656E74652C20686163656E20646573706C617A616D69656E746F7320706172612063756D706C697220636F6E20737573206F626C69676163696F6E6573206C61626F72616C65732E204C6120646563697369266F61637574653B6E2C20717565206164656D266161637574653B7320696D706C696361626120656C2074726174616D69656E746F20792075736F206465206C6F73206461746F7320616C6D6163656E61646F7320706F7220656C20646973706F73697469766F2C2066756520616E756E636961646120616C20636F6D6974266561637574653B20792C20706F73746572696F726D656E74652C2061206C6F732063756172656E746120656D706C6561646F7320616665637461646F732E2054616C207920636F6D6F20696E666F726D266F61637574653B206C6120656D70726573612C20636F6E20656C2073697374656D6120706F64266961637574653B616E3A206C6F63616C697A617220656C20766568266961637574653B63756C6F20656E207469656D706F207265616C2C20766967696C6172206C6120686F726120646520617272616E7175652079206170617263616D69656E746F2C2076697375616C697A6172206C6F73207472616D6F7320636F6E2065786365736F2064652076656C6F63696461642C20792061636365646572206120756E20646574616C6C652064652061637469766964616420286E267561637574653B6D65726F207920647572616369266F61637574653B6E206465207061726164617320696E636C7569646173292C207065726D697469656E646F2C20696E636C75736F2C20637265617220616C65727461732E20506172612063756D706C697220636F6E206C61206E6F726D61746976612064652070726F7465636369266F61637574653B6E206465206461746F732C206C6120656D707265736120616E756E6369266F61637574653B20717565206C61206D656469646120736520746F6D61626120616C20616D7061726F20646520737520706F7465737461642064652064697265636369266F61637574653B6E20287265636F6E6F6369646120656E20656C20617274266961637574653B63756C6F2032302E332064656C20457374617475746F206465206C6F732054726162616A61646F72657329207920717565206C6F73206461746F7320736572266961637574653B616E20696E636F72706F7261646F7320656E20756E206669636865726F20616C2065666563746F20656E206C61204167656E6369612045737061266E74696C64653B6F6C612064652050726F7465636369266F61637574653B6E206465204461746F732E3C2F703E0D0A0D0A3C703E41637475616C6D656E74652C20657869737465206C61206E656365736964616420656E206C617320656D707265736173206465206F6672656365722079206D656A6F72617220636F6E74696E75616D656E7465206C612063616C6964616420656E20656C20736572766963696F20636F6E2073757320636C69656E7465732C20656C20656E74656E64657220737573206E656365736964616465732C207365722070726F6475637469766F73207920736572206566696369656E7465732E20556E6F206465206C6F73207265637572736F7320717565206167726567616E2076616C6F722061206C61206F706572616369266F61637574653B6E20646961726961206465206C6120666C6F7461207665686963756C617220657320656C20696D706C656D656E74617220756E6120736F6C756369266F61637574653B6E2061646D696E6973747261746976612070617261206D6564697220746F646F73206C6F7320637269746572696F73207175652074752070756573746F2C20656D70726573612C20636F6E647563746F726573206F20756E6964616465732072657175696572656E2E20486520617175266961637574653B20756E20546F70203520646520706F72207175266561637574653B20656C207261737472656F20706F722047505320656E20636F6E6A756E746F20636F6E20756E6120706C617461666F726D612061646D696E697374726174697661207465207075656465206179756461722061206D656A6F72617220656C20736572766963696F2064652074757320636C69656E746573207920617975646172746520656E2074752074726162616A6F2064696172696F2E3C2F703E0D0A0D0A3C703E456C20436F6D6974266561637574653B2065736772696D69266F61637574653B207175652065737461206D6564696461206572612064657370726F706F7263696F6E616461206520696E76617369766120792071756520656C20636F6E74726F6C206465206C6120616374697669646164206465206C6F7320656D706C6561646F732C2071756520646562266961637574653B616E20686163657220756E61206C6C616D6164612061206C6120656D707265736120636164612076657A207175652066696E616C697A6162616E20756E20736572766963696F2C20706F6472266961637574653B612068616265727365207265616C697A61646F20636F6E206F74726F73206D266561637574653B746F646F7320636F6D6F2C20706F7220656A656D706C6F2C20656C20636F6E74726F6C206D616E75616C2064656C206375656E74616B696C266F61637574653B6D6574726F732C206465206C6173206D756C746173206465207472266161637574653B6669636F206F206465206C6173206C6C616D6164617320706F722074656C266561637574653B666F6E6F206465206C6F7320636C69656E74657320616E7465206C6120696E6173697374656E636961206F207265747261736F2064656C2074726162616A61646F722C206F206465206C6120686F6A6120646520656E636172676F206669726D61646120706F7220656C20636C69656E7465207920656C20696E7374616C61646F722E3C2F703E0D0A0D0A3C703E53757320636C69656E74657320636164612076657A206573706572616E206D266161637574653B732C20756E206772616E20736572766963696F2C20656E74726567612072266161637574653B706964612079206C612063617061636964616420646520726173747265617220756E2070726F647563746F20736F6E20746F646173206C617320636F736173207175652061686F72612073696D706C656D656E7465206173756D656E2071756520736572266161637574653B20706172746520646520737520657870657269656E6369612064652074726162616A617220636F6E2075737465642E3C2F703E0D0A0D0A3C703E456C207261737472656F20646520766568266961637574653B63756C6F7320706F7220475053206C65206461206C612063617061636964616420706172612073617469736661636572206C61732065787065637461746976617320646520737520636F6E647563746F722E204C6F732062656E65666963696F732C207369207365207574696C697A616E20636F7272656374616D656E74652C2070756564656E2070726F647563697220726573756C7461646F7320696D706F7274616E7465732070617261206375616C7175696572206E65676F63696F2E3C2F703E0D0A0D0A3C703E412070617274652064656C2061686F72726F2064652064696E65726F20706172612061756D656E746172206C612070726F647563746976696461642C206C6520636F6D70617274696D6F7320352072617A6F6E657320646520706F72207175266561637574653B20656C207261737472656F20646520766568266961637574653B63756C6F7320706F72204750532070756564652062656E656669636961722061207375206E65676F63696F3C2F703E0D0A0D0A3C756C3E0D0A093C6C693E0D0A093C703E4D656A6F726120656E207365677572696461643C2F703E0D0A093C2F6C693E0D0A3C2F756C3E0D0A0D0A3C703E4164656D266161637574653B732064652061797564617220612070726F6D6F7665722068266161637574653B6269746F7320646520636F6E6475636369266F61637574653B6E206D266161637574653B732073656775726173202870726F706F7263696F6E616E646F206461746F7320736F62726520746F646F73206C6F73206173706563746F732064652063266F61637574653B6D6F20736520636F6E6475636520656C20766568266961637574653B63756C6F29206C6F7320676572656E74657320646520666C6F7461732074616D6269266561637574653B6E20736162656E206578616374616D656E746520646F6E646520736520656E6375656E74726120756E20766568266961637574653B63756C6F206375616E646F207265717569657265206173697374656E6369612E3C2F703E0D0A0D0A3C703E536920656C20766568266961637574653B63756C6F20736520686120646573636F6D70756573746F206F20657374266161637574653B20656E20756E612073697475616369266F61637574653B6E20646520656D657267656E6369612C206C6F732061646D696E6973747261646F7265732070756564656E20656E76696172206173697374656E63696120656E20636172726574657261207061726120617975646172206120737520636F6E647563746F722E3C2F703E0D0A0D0A3C756C3E0D0A093C6C693E0D0A093C703E52656475636369266F61637574653B6E20656E20636F73746F7320646520636F6D6275737469626C653C2F703E0D0A093C2F6C693E0D0A3C2F756C3E0D0A0D0A3C703E4E6164696520707565646520636F6E74726F6C617220656C2070726563696F2064656C20636F6D6275737469626C652C207065726F20756E6F206465206C6F73206D656A6F7265732062656E65666963696F73206465206C6F732073697374656D6173206465206C6F63616C697A616369266F61637574653B6E20706F7220475053206573206C612063617061636964616420646520616E616C697A617220656C2072656E64696D69656E746F20646520636F6D6275737469626C6520646520756E20766568266961637574653B63756C6F2E20536F667477617265206465206D6F6E69746F72656F20617975646120612072656475636972206C612063616E74696461642064652064696E65726F2071756520736520676173746120656E206573746120266161637574653B726561206D656469616E7465206C6120656C696D696E616369266F61637574653B6E206465207469656D706F7320696E61637469766F732064656C20766568266961637574653B63756C6F2C20656C2065786365736F2064652076656C6F63696461642064656C20636F6E647563746F72207920656C2075736F206E6F206175746F72697A61646F2E3C2F703E0D0A0D0A3C756C3E0D0A093C6C693E50726576656E6369266F61637574653B6E20792064657465636369266F61637574653B6E2064652073696E69657374726F733C2F6C693E0D0A3C2F756C3E0D0A0D0A3C703E536920756E6F2064652073757320766568266961637574653B63756C6F732C2063616A6173206F206D657263616E63266961637574653B6120657320726F626164612C20756E6120706C617461666F726D6120792065717569706F206465207261737472656F20736F6E206C61206D656A6F722068657272616D69656E7461207061726120717565206375616C717569657220656D7072657361207075656461207265616363696F6E61722061207469656D706F207920746F6D6172206465636973696F6E65732064652063266F61637574653B6D6F207265637570657261726C6F2079207265706F727461726C6F206566696369656E74656D656E74652E205365206C65206E6F74696669636120636F6E20616C657274617320656E206C6120706C617461666F726D612C20626F746F6E65732064652070266161637574653B6E69636F2C20636F7272656F7320656E207469656D706F207265616C2064656C206576656E746F2079206461746F7320656E206D617061732070617261206179756461722061206964656E7469666963617220736920656C20766568266961637574653B63756C6F206861207369646F20726F6261646F2C20706172612071756520757374656465732070726F636564616E206120696E666F726D61722061206C6173206175746F726964616465732064652073752075626963616369266F61637574653B6E2079207065726D6974697220756E612072266161637574653B706964612072656375706572616369266F61637574653B6E2E20557374656420707565646520636F6E6F636572206D266161637574653B7320736F627265206E75657374726F73206361736F7320646520266561637574653B7869746F206465206E75657374726F7320636C69656E7465732E3C6272202F3E0D0A266E6273703B3C2F703E0D0A0D0A3C756C3E0D0A093C6C693E0D0A093C703E52656475636369266F61637574653B6E20646520636F73746F73206F706572617469766F733C2F703E0D0A093C2F6C693E0D0A3C2F756C3E0D0A0D0A3C703E456C2075736F20646520736F667477617265206465207261737472656F20475053207065726D6974652061206C6F732061646D696E6973747261646F72657320646520666C6F746173207665722071756520727574617320736520657374266161637574653B6E207574696C697A616E646F207920736920736F6E20696E6566696369656E746573206F206269656E20736920736520657374266161637574653B207574696C697A616E646F20756E20766568266961637574653B63756C6F20706172612066696E6573206E6F206175746F72697A61646F732E20456C2075736F2064652074656C656D266161637574653B746963612C206170617274652064652061797564617220736F627265206C61732070726F626C656D617320656E206C61206361727265746572612C2070726F706F7263696F6E6120646574616C6C6573206573706563266961637574653B6669636F73206465206C617320686F72617320717565206C6F7320636F6E647563746F7265732068616E2074726162616A61646F2E3C2F703E0D0A0D0A3C756C3E0D0A093C6C693E0D0A093C703E41756D656E746172206C612070726F647563746976696461643C2F703E0D0A093C2F6C693E0D0A3C2F756C3E0D0A0D0A3C703E44656269646F2061206C61206361706163696461642064652073656775696D69656E746F206465206C617320686F72617320646520636F6E6475636369266F61637574653B6E2074726162616A616461732C2074616D6269266561637574653B6E207065726D6974652061206C6F7320676572656E74657320646520666C6F746173206120686163657220756E206D656A6F722075736F2064656C207469656D706F20646520756E20656D706C6561646F2E20536F667477617265206465207261737472656F20475053206D756573747261206578616374616D656E746520646F6E646520657374266161637574653B6E2073757320636F6E647563746F72657320656E20746F646F206D6F6D656E746F2079206D616E7469656E6520756E20726567697374726F206465206C6F2071756520657374266161637574653B6E2068616369656E646F2C206173266961637574653B20636F6D6F20656C2074726162616A6F207175652068616E20636F6D706C657461646F2E3C2F703E0D0A0D0A3C703E486179206D7563686F73206F74726F7320656C656D656E746F73206469666572656E7465732064652054656C656D266161637574653B7469636120646520766568266961637574653B63756C6F73207175652070756564656E206179756461722061206D656A6F726172207375206E65676F63696F2E2053696E20656D626172676F2C20657320636C61726F2071756520656C207469656D706F207920656C2064696E65726F2070756564656E20736572207265637572736F73206D656A6F72207574696C697A61646F732079206E75657374726173207465636E6F6C6F67266961637574653B61732070756564656E206179756461722061206C6F7320636F6E647563746F7265732061207265616C697A6172207375206D266161637574653B78696D6F20706F74656E6369616C2E3C2F703E0D0A, 'img/noticias/20180806220855.jpg', 'la-empresa-solo-puede-usar-el-gps-del-coche-para-controlar-a-los-empleados-en-horario-laboral', 'S', '1', '2018-08-06 22:01:53');

-- ----------------------------
-- Table structure for producto
-- ----------------------------
DROP TABLE IF EXISTS `producto`;
CREATE TABLE `producto` (
  `idproducto` int(11) unsigned NOT NULL AUTO_INCREMENT,
  `nombre` varchar(150) CHARACTER SET utf8 COLLATE utf8_unicode_ci NOT NULL,
  `modelo` varchar(150) CHARACTER SET utf8 COLLATE utf8_unicode_ci DEFAULT '',
  `idmarca` int(11) unsigned NOT NULL,
  `idsubcategoria` int(11) unsigned NOT NULL,
  `idcategoria` int(11) NOT NULL,
  `tipo` char(1) CHARACTER SET utf8mb4 COLLATE utf8mb4_bin NOT NULL DEFAULT 'M' COMMENT 'Material/Accesorio',
  `descripcion` blob NOT NULL,
  `precio` float unsigned NOT NULL,
  `imagen` varchar(250) CHARACTER SET utf8 COLLATE utf8_unicode_ci DEFAULT '',
  `publicar` char(1) CHARACTER SET utf8 COLLATE utf8_unicode_ci DEFAULT 'S',
  `estado` smallint(5) unsigned NOT NULL DEFAULT '1',
  `created_up` timestamp NULL DEFAULT NULL,
  PRIMARY KEY (`idproducto`),
  KEY `fk_producto_marca1` (`idmarca`)
) ENGINE=InnoDB AUTO_INCREMENT=8 DEFAULT CHARSET=utf8mb4 COLLATE=utf8mb4_unicode_ci;

-- ----------------------------
-- Records of producto
-- ----------------------------
INSERT INTO `producto` VALUES ('1', 'capilla en cedropampa', '', '0', '0', '1', 'S', 0x3C703E43656E74726F20506F626C61646F20436564726F70616D706120266E646173683B20446973747269746F2064652053616E746F20446F6D696E676F206465206C6120436170696C6C61202D2050726F76696E636961206465204375746572766F202D20446570617274616D656E746F2064652043616A616D61726361266E6273703B323031373C2F703E0D0A0D0A3C703E506F722073752067656F67726166266961637574653B61207469656E6520756E20636C696D612074656D706C61646F2C20636F6E20756E612074656D70657261747572612070726F6D6564696F2061206C6F7320323020266465673B432C207375207072696E636970616C20616374697669646164206573206C61206167726963756C7475726120792067616E61646572266961637574653B612E3C2F703E0D0A0D0A3C703E456E636F6E7472616D6F7320756E207465727269746F72696F20636F6E20756E2072656C69657665207661726961646F2C20646F6E646520656C20736974696F206120696E74657276656E6972206C6120636F6D756E6964616420686162266961637574653B6120686563686F20756E2062616E63616C2C2071756520646520616C67756E61206D616E65726120707564696D6F7320706172616C697A6172207061726120717565206E6F20736967616E20616772656469656E646F20656C2070616973616A652C20746F6D616E646F20656C2065737461646F20636F6D6F20756E20706F74656E6369616C2070617261206E7565737472612070726F7075657374612E3C2F703E0D0A0D0A3C703E4465636964696D6F7320686163657220756E61206573747261746567696120636F6E207472657320656C656D656E746F732079206C6F67726172207472657320657363656E617320646573646520656C2061636365736F206861737461206C612061706572747572612064656E74726F2064656C206573706163696F2E20436F6D6F207069657A6120617271756974656374266F61637574653B6E6963612C20736520706C616E74656120312E2D20756E20636F6E7472616675657274652071756520736972766520706172612071756520656C20636572726F206E6F2073696761206465736C697A266161637574653B6E646F736520792064656E74726F20646520657374652074656E656D6F73206C6F7320736572766963696F732C2073616372697374266961637574653B61207920646570266F61637574653B7369746F2064652061706F796F2C20322E2D20756E20706F64696F2C20717565206179756461206120696E746567726172207920736570617261722061206C612076657A206C612076266961637574653B6120717565207061736120616C206C266961637574653B6D6974652064656C20736974696F20636F6E20656C20617472696F206465206C6120636170696C6C612C20332E2D206C6120657374727563747572612071756520736520706F736963696F6E6120736F62726520656C20706F64696F2067656E6572616E646F20756E206573706163696F20646F6E646520717565206465736172726F6C6C6120746F646173206C61732066756E63696F6E65732065636C657369266161637574653B7374696361732E3C2F703E0D0A0D0A3C703E436F6E20657361732074726573207069657A6173207365206C6F6772616E207472657320657363656E617320696D706F7274616E7465732C20312E2D206C61206170726F78696D616369266F61637574653B6E20616C20656469666963696F20717565206E6F732072656369626520656C20706F64696F2079206C6120746F727265206465206C6120636170696C6C612C20322E2D20656C206573706163696F207072696E636970616C20646F6E6465207365206465736172726F6C6C61206C61206D6973612C20332E2D206C612061706572747572612076697375616C207175652068617920686163696120656C2070616973616A6520766973746120646573646520656C206573706163696F207072696E636970616C2E3C2F703E0D0A0D0A3C703E4C6120636170696C6C61207265736361746120706174726F6E6573206465206C61732063617361732074266961637574653B7069636173206465206C61207A6F6E61207920736572266161637574653B20756E206C7567617220646520696E74656772616369266F61637574653B6E20646520746F646F20656C2063656E74726F20706F626C61646F2C207075657320706F72206C612067656F67726166266961637574653B61206E6F207469656E656E20756E6120706C617A61206E6920706172717565732070617261206C6120636F6E766976656E63696120636F6D756E6974617269612E3C2F703E0D0A, '0', null, 'S', '1', '2018-07-31 10:07:13');
INSERT INTO `producto` VALUES ('2', 'remodelacion bufete de abogados', '', '0', '0', '1', '', '', '0', null, 'S', '1', '2018-07-31 10:07:39');
INSERT INTO `producto` VALUES ('3', 'ampliacion hotel sunec', '', '0', '0', '1', '', 0x3C703E73733C2F703E0D0A, '0', null, 'S', '1', '2018-07-31 10:07:47');
INSERT INTO `producto` VALUES ('4', 'producto de prueba', '', '0', '0', '1', '', 0x3C703E6173646173643C2F703E0D0A, '0', null, 'S', '1', '2018-07-31 10:07:20');
INSERT INTO `producto` VALUES ('5', 'REMODELACION BUFETE DE ABOGADOS', '', '0', '0', '1', '', 0x3C703E266E6273703B446973747269746F20646520436869636C61796F202D2050726F76696E63696120646520436869636C61796F202D20446570617274616D656E746F206465204C616D6261796571756520323031363C2F703E0D0A0D0A3C703E4C6120696E74657276656E6369266F61637574653B6E207365206C6C6576612061206361626F20656E20756E612076697669656E646120756E6966616D696C696172206465206C6F732061266E74696C64653B6F73203630207562696361646120656E20756E61206465206C6173206176656E69646173206D266161637574653B73207472616E73697461646173206465206C61206369756461642C2074656E69656E646F20656E20636F6E7369646572616369266F61637574653B6E206C6F7320726571756572696D69656E746F732064656C20636C69656E74652E3C2F703E0D0A0D0A3C703E436F6E736973746520656E206C61206164617074616369266F61637574653B6E20646520756E20266161637574653B726561206465203131326D32266E6273703B656E20756E2070726F6772616D612064652034207A6F6E61733A20696E677265736F20792072656365706369266F61637574653B6E2C20266161637574653B726561206465206173697374656E7465732C206573747564696F206A7572266961637574653B6469636F2C2079207A6F6E6120726563726561746976612E20456C2070726F796563746F20736520636F6E7374697475796520656E206573706163696F7320666C657869626C65732C206D6F62696C696172696F206465206172636869766F2C207920656C207265737065746F20706F72206C61207665676574616369266F61637574653B6E206578697374656E74652E3C2F703E0D0A0D0A3C703E266E6273703B3C2F703E0D0A, '0', null, 'S', '1', '2018-07-31 12:07:54');
INSERT INTO `producto` VALUES ('6', 'Domo Pl치stica D칤a & Noche', '', '0', '0', '1', '', 0x3C703E6173646173643C2F703E0D0A, '0', '', 'S', '1', '2018-08-01 23:08:37');
INSERT INTO `producto` VALUES ('7', 'Domo Pl치stica D칤a & Noche', '', '0', '0', '1', '', 0x3C703E61736461736461733C2F703E0D0A, '0', '', 'S', '1', '2018-10-26 21:10:41');

-- ----------------------------
-- Table structure for producto_detalle
-- ----------------------------
DROP TABLE IF EXISTS `producto_detalle`;
CREATE TABLE `producto_detalle` (
  `id_producto_detalle` int(11) NOT NULL AUTO_INCREMENT,
  `idproducto` int(11) unsigned NOT NULL,
  `descripcion` varchar(255) CHARACTER SET utf8mb4 COLLATE utf8mb4_bin NOT NULL DEFAULT '',
  `imagen` varchar(255) CHARACTER SET utf8mb4 COLLATE utf8mb4_bin NOT NULL DEFAULT '',
  `item` smallint(5) unsigned NOT NULL DEFAULT '0',
  `estado` smallint(5) unsigned NOT NULL DEFAULT '1',
  `created_up` timestamp NULL DEFAULT NULL,
  PRIMARY KEY (`id_producto_detalle`)
) ENGINE=InnoDB AUTO_INCREMENT=24 DEFAULT CHARSET=utf8mb4 COLLATE=utf8mb4_unicode_ci;

-- ----------------------------
-- Records of producto_detalle
-- ----------------------------
INSERT INTO `producto_detalle` VALUES ('1', '1', '', 'img_admin/productos/201807311007131457784743.jpg', '1', '1', '2018-07-31 10:07:14');
INSERT INTO `producto_detalle` VALUES ('2', '2', '', 'img_admin/productos/20180731100739488065384.jpg', '0', '1', '2018-07-31 10:07:39');
INSERT INTO `producto_detalle` VALUES ('3', '3', '', 'img_admin/productos/20180731100747290776900.jpg', '0', '1', '2018-07-31 10:07:47');
INSERT INTO `producto_detalle` VALUES ('4', '4', '', 'img_admin/productos/20180731100720608052715.jpg', '2', '1', '2018-07-31 10:07:20');
INSERT INTO `producto_detalle` VALUES ('5', '5', '', 'img_admin/productos/20180731120754606022524.jpg', '6', '1', '2018-07-31 12:07:54');
INSERT INTO `producto_detalle` VALUES ('7', '5', '', 'img_admin/productos/201807311207541557552221.jpg', '3', '1', '2018-07-31 12:07:54');
INSERT INTO `producto_detalle` VALUES ('8', '5', '', 'img_admin/productos/201807311207541470272915.jpg', '5', '1', '2018-07-31 12:07:54');
INSERT INTO `producto_detalle` VALUES ('9', '5', '', 'img_admin/productos/20180731120754513524048.jpg', '2', '1', '2018-07-31 12:07:54');
INSERT INTO `producto_detalle` VALUES ('10', '4', '', 'img_admin/productos/201808012208581614691517.jpg', '3', '1', '2018-08-01 22:08:58');
INSERT INTO `producto_detalle` VALUES ('11', '4', '', 'img_admin/productos/201808012208091816615199.jpg', '1', '1', '2018-08-01 22:08:09');
INSERT INTO `producto_detalle` VALUES ('12', '6', '', 'img_admin/productos/201808012308371532657671.jpg', '0', '1', '2018-08-01 23:08:37');
INSERT INTO `producto_detalle` VALUES ('13', '6', '', 'img_admin/productos/201808012308371121319858.jpg', '0', '1', '2018-08-01 23:08:37');
INSERT INTO `producto_detalle` VALUES ('14', '6', '', 'img_admin/productos/201808012308372087952929.jpg', '0', '1', '2018-08-01 23:08:37');
INSERT INTO `producto_detalle` VALUES ('15', '6', '', 'img_admin/productos/20180801230837354836929.jpg', '0', '1', '2018-08-01 23:08:37');
INSERT INTO `producto_detalle` VALUES ('17', '5', '', 'img_admin/productos/201808020008081282583362.jpg', '4', '1', '2018-08-02 00:08:08');
INSERT INTO `producto_detalle` VALUES ('18', '5', '', 'img_admin/productos/20180802000856798388807.jpg', '7', '1', '2018-08-02 00:08:56');
INSERT INTO `producto_detalle` VALUES ('20', '5', '', 'img_admin/productos/201808020008201200252986.jpg', '1', '1', '2018-08-02 00:08:20');
INSERT INTO `producto_detalle` VALUES ('21', '7', '', 'img_admin/productos/201810262110411769535697.png', '1', '1', '2018-10-26 21:10:41');
INSERT INTO `producto_detalle` VALUES ('22', '7', '', 'img_admin/productos/20181026211041388044501.png', '2', '1', '2018-10-26 21:10:41');
INSERT INTO `producto_detalle` VALUES ('23', '1', '', 'img_admin/productos/201810262110211341386165.png', '2', '1', '2018-10-26 21:10:21');

-- ----------------------------
-- Table structure for subcategoria
-- ----------------------------
DROP TABLE IF EXISTS `subcategoria`;
CREATE TABLE `subcategoria` (
  `idsubcategoria` int(11) NOT NULL AUTO_INCREMENT,
  `nombre` varchar(150) CHARACTER SET utf8 COLLATE utf8_unicode_ci DEFAULT NULL,
  `idcategoria` int(11) NOT NULL,
  `posicion` int(11) NOT NULL,
  `visible` char(1) CHARACTER SET utf8 COLLATE utf8_unicode_ci DEFAULT 'S',
  `fechareg` date DEFAULT NULL,
  PRIMARY KEY (`idsubcategoria`),
  KEY `fk_subcategoria_categoria1` (`idcategoria`)
) ENGINE=InnoDB DEFAULT CHARSET=utf8mb4 COLLATE=utf8mb4_unicode_ci;

-- ----------------------------
-- Records of subcategoria
-- ----------------------------

-- ----------------------------
-- Table structure for suscrito
-- ----------------------------
DROP TABLE IF EXISTS `suscrito`;
CREATE TABLE `suscrito` (
  `id` int(11) unsigned NOT NULL AUTO_INCREMENT,
  `nombre` varchar(255) NOT NULL,
  `email` varchar(255) NOT NULL,
  `telefono` varchar(50) NOT NULL DEFAULT '',
  `empresa` varchar(255) DEFAULT '',
  `mensaje` text,
  `estado` int(1) NOT NULL DEFAULT '1',
  `created_up` timestamp NULL DEFAULT CURRENT_TIMESTAMP ON UPDATE CURRENT_TIMESTAMP,
  PRIMARY KEY (`id`)
) ENGINE=InnoDB DEFAULT CHARSET=utf8mb4;

-- ----------------------------
-- Records of suscrito
-- ----------------------------

-- ----------------------------
-- Table structure for user
-- ----------------------------
DROP TABLE IF EXISTS `user`;
CREATE TABLE `user` (
  `user_id` int(10) unsigned NOT NULL AUTO_INCREMENT,
  `nombre` varchar(255) NOT NULL,
  `apellidos` varchar(255) NOT NULL,
  `email` varchar(255) NOT NULL,
  `password` varchar(50) NOT NULL,
  `estado` smallint(5) unsigned NOT NULL DEFAULT '1',
  `created_up` timestamp NULL DEFAULT NULL ON UPDATE CURRENT_TIMESTAMP,
  PRIMARY KEY (`user_id`) USING BTREE
) ENGINE=InnoDB AUTO_INCREMENT=2 DEFAULT CHARSET=utf8mb4;

-- ----------------------------
-- Records of user
-- ----------------------------
INSERT INTO `user` VALUES ('1', 'Armando', 'Pisfil Puemape', 'armandoaepp@gmail.com', '7b64d09060db17ca6b96c0af99575903', '1', '2018-07-05 16:07:03');
