/*
Navicat MySQL Data Transfer

Source Server         : LOCALHOST
Source Server Version : 50505
Source Host           : localhost:3306
Source Database       : escuelac_w_ne16

Target Server Type    : MYSQL
Target Server Version : 50505
File Encoding         : 65001

Date: 2019-03-07 12:08:09
*/

SET FOREIGN_KEY_CHECKS=0;

-- ----------------------------
-- Table structure for admision
-- ----------------------------
DROP TABLE IF EXISTS `admision`;
CREATE TABLE `admision` (
  `id` int(11) NOT NULL AUTO_INCREMENT,
  `titulo` text COLLATE utf8mb4_bin NOT NULL,
  `imagen` varchar(200) COLLATE utf8mb4_bin NOT NULL,
  `requisitos` text COLLATE utf8mb4_bin NOT NULL,
  `horarios` text COLLATE utf8mb4_bin NOT NULL,
  `inversion` text COLLATE utf8mb4_bin NOT NULL,
  `email` varchar(75) COLLATE utf8mb4_bin DEFAULT NULL,
  PRIMARY KEY (`id`) USING BTREE
) ENGINE=InnoDB AUTO_INCREMENT=2 DEFAULT CHARSET=utf8mb4 COLLATE=utf8mb4_bin ROW_FORMAT=COMPACT;

-- ----------------------------
-- Records of admision
-- ----------------------------
INSERT INTO `admision` VALUES ('1', 0x41646D697369C3B36E2032303139202D2049, 'imagenes/resena/admison-18-marzo-2019.jpg', 0x26616D703B6C743B756C207374796C653D26616D703B71756F743B6C6973742D7374796C652D747970653A636972636C653B26616D703B71756F743B26616D703B67743B266C743B6272202F2667743B3C6272202F3E0D0A0926616D703B6C743B6C6926616D703B67743B436572746966696361646F20646520736563756E64617269612076697361646F20706F72206C6120475245442E26616D703B6C743B2F6C6926616D703B67743B266C743B6272202F2667743B3C6272202F3E0D0A0926616D703B6C743B6C6926616D703B67743B50617274696461206465206E6163696D69656E746F2041435455414C2E26616D703B616D703B6E6273703B26616D703B6C743B2F6C6926616D703B67743B266C743B6272202F2667743B3C6272202F3E0D0A0926616D703B6C743B6C6926616D703B67743B436F7069612064656C20646F63756D656E746F206465206964656E74696461642E26616D703B616D703B6E6273703B26616D703B6C743B2F6C6926616D703B67743B266C743B6272202F2667743B3C6272202F3E0D0A0926616D703B6C743B6C6926616D703B67743B436F7069612064652072656369626F20616775612079206C757A2E26616D703B616D703B6E6273703B26616D703B6C743B2F6C6926616D703B67743B266C743B6272202F2667743B3C6272202F3E0D0A0926616D703B6C743B6C6926616D703B67743B446F7320666F746F732074616D6126616D703B616D703B6E74696C64653B6F206361726E6574206120636F6C6F722E26616D703B616D703B6E6273703B26616D703B6C743B2F6C6926616D703B67743B266C743B6272202F2667743B3C6272202F3E0D0A0926616D703B6C743B6C6926616D703B67743B4361726E65742064652073616C75642028766967656E7465292E26616D703B616D703B6E6273703B26616D703B6C743B2F6C6926616D703B67743B266C743B6272202F2667743B3C6272202F3E0D0A0926616D703B6C743B6C6926616D703B67743B5026616D703B616D703B6F61637574653B6C697A612064652073656775726F20636F6E747261206163636964656E7465732E26616D703B6C743B2F6C6926616D703B67743B266C743B6272202F2667743B3C6272202F3E0D0A26616D703B6C743B2F756C26616D703B67743B, 0x26616D703B6C743B756C20636C6173733D26616D703B71756F743B6C6973745F756C5F63657220746578742D6C65667426616D703B71756F743B207374796C653D26616D703B71756F743B6C6973742D7374796C652D747970653A7371756172653B26616D703B71756F743B26616D703B67743B266C743B6272202F2667743B3C6272202F3E0D0A0926616D703B6C743B6C6926616D703B67743B26616D703B6C743B7374726F6E6726616D703B67743B4C554E4541204120564945524E455326616D703B6C743B2F7374726F6E6726616D703B67743B26616D703B6C743B2F6C6926616D703B67743B266C743B6272202F2667743B3C6272202F3E0D0A0926616D703B6C743B6C6926616D703B67743B26616D703B6C743B7374726F6E6726616D703B67743B5475726E6F206D6126616D703B616D703B6E74696C64653B616E613A2026616D703B6C743B2F7374726F6E6726616D703B67743B372E333020616D202D20322E303020706D26616D703B6C743B2F6C6926616D703B67743B266C743B6272202F2667743B3C6272202F3E0D0A0926616D703B6C743B6C6926616D703B67743B26616D703B6C743B7374726F6E6726616D703B67743B5475726E6F206E6F6368653A2026616D703B6C743B2F7374726F6E6726616D703B67743B363A3030202D2031303A333020706D26616D703B6C743B2F6C6926616D703B67743B266C743B6272202F2667743B3C6272202F3E0D0A0926616D703B6C743B6C6926616D703B67743B26616D703B6C743B7374726F6E67207374796C653D26616D703B71756F743B6C696E652D6865696768743A20312E36656D3B26616D703B71756F743B26616D703B67743B44757261636926616D703B616D703B6F61637574653B6E26616D703B6C743B2F7374726F6E6726616D703B67743B26616D703B6C743B7370616E207374796C653D26616D703B71756F743B6C696E652D6865696768743A20312E36656D3B26616D703B71756F743B26616D703B67743B3A2026616D703B6C743B7374726F6E6726616D703B67743B33206126616D703B616D703B6E74696C64653B6F7326616D703B6C743B2F7374726F6E6726616D703B67743B202F205649206369636C6F73202831382053656D616E61732078206369636C6F2926616D703B6C743B2F7370616E26616D703B67743B26616D703B6C743B2F6C6926616D703B67743B266C743B6272202F2667743B3C6272202F3E0D0A0926616D703B6C743B6C6926616D703B67743B26616D703B6C743B7374726F6E6726616D703B67743B494E4943494F26616D703B6C743B2F7374726F6E6726616D703B67743B3A203138206465206D61727A6F26616D703B6C743B2F6C6926616D703B67743B266C743B6272202F2667743B3C6272202F3E0D0A26616D703B6C743B2F756C26616D703B67743B, 0x26616D703B6C743B756C20636C6173733D26616D703B71756F743B6C6973745F756C5F63657220746578742D6C65667426616D703B71756F743B26616D703B67743B266C743B6272202F2667743B3C6272202F3E0D0A0926616D703B6C743B6C6926616D703B67743B26616D703B6C743B7374726F6E6726616D703B67743B4D41545226616D703B616D703B4961637574653B43554C4126616D703B6C743B2F7374726F6E6726616D703B67743B3A20532F2E203331302E303026616D703B6C743B2F6C6926616D703B67743B266C743B6272202F2667743B3C6272202F3E0D0A0926616D703B6C743B6C6926616D703B67743B26616D703B6C743B7374726F6E6726616D703B67743B554E49464F524D4526616D703B6C743B2F7374726F6E6726616D703B67743B3A20532F2E203230302E3030202870616E74616C26616D703B616D703B6F61637574653B6E202B20706F6C6F202B206761726962616C6469202B2063616D697361636F202B206D616E64696C2926616D703B6C743B2F6C6926616D703B67743B266C743B6272202F2667743B3C6272202F3E0D0A0926616D703B6C743B6C6926616D703B67743B26616D703B6C743B7374726F6E6726616D703B67743B4D454E5355414C494441443A2026616D703B6C743B2F7374726F6E6726616D703B67743B26616D703B6C743B6272202F26616D703B67743B266C743B6272202F2667743B3C6272202F3E0D0A09532F2E3635302E30302028342063756F746173202D20496E636C75796520696E73756D6F732065206964696F6D61732926616D703B6C743B2F6C6926616D703B67743B266C743B6272202F2667743B3C6272202F3E0D0A26616D703B6C743B2F756C26616D703B67743B, '');

-- ----------------------------
-- Table structure for amigos
-- ----------------------------
DROP TABLE IF EXISTS `amigos`;
CREATE TABLE `amigos` (
  `id` int(11) NOT NULL AUTO_INCREMENT,
  `titulo` text COLLATE utf8mb4_bin NOT NULL,
  `imagen` varchar(75) COLLATE utf8mb4_bin NOT NULL,
  `imagen_2` varchar(75) COLLATE utf8mb4_bin NOT NULL,
  `email` text COLLATE utf8mb4_bin,
  `orden` int(11) NOT NULL,
  `estado` int(1) NOT NULL DEFAULT '1',
  `fecha` timestamp NOT NULL DEFAULT CURRENT_TIMESTAMP ON UPDATE CURRENT_TIMESTAMP,
  PRIMARY KEY (`id`) USING BTREE
) ENGINE=InnoDB AUTO_INCREMENT=2 DEFAULT CHARSET=utf8mb4 COLLATE=utf8mb4_bin ROW_FORMAT=COMPACT;

-- ----------------------------
-- Records of amigos
-- ----------------------------
INSERT INTO `amigos` VALUES ('1', 0x266C743B73656374696F6E2667743B3C6272202F3E0D0A266C743B68332667743B534947554520455354415320494E4449434143494F4E4553205920454D5049455A41204120266C743B7370616E207374796C653D2671756F743B636F6C6F723A7265643B2671756F743B2667743B26616D703B696578636C3B47414E415221266C743B2F7370616E2667743B2E266C743B2F68332667743B3C6272202F3E0D0A3C6272202F3E0D0A266C743B6F6C20636C6173733D2671756F743B746578742D6C6566742671756F743B2667743B3C6272202F3E0D0A09266C743B6C692076616C75653D2671756F743B312671756F743B2667743B5265636F6D69656E646120756E20616D69676F206F20616D69676F732061206573747564696172206C6120636172726572612064652047617374726F6E6F6D26616D703B6961637574653B61207920417274652043756C696E6172696F20636F6E206E6F736F74726F732E20507565646573207265636F6D656E64617220746F646F73206C6F7320616D69676F732861732920717565206465736565732E266C743B2F6C692667743B3C6272202F3E0D0A09266C743B6C692667743B52656726616D703B6961637574653B737472616C6F28732920656E207777772E65736375656C6163756D6272652E6564752E70652F616D69676F70756E746F732E266C743B2F6C692667743B3C6272202F3E0D0A09266C743B6C692667743B4173656726616D703B7561637574653B726174652071756520747520616D69676F206F20616D69676F73207265636F6D656E6461646F73206669677572656E20656E206E75657374726F20726567697374726F206465206D6174726963756C61646F732E20436F6E73756C746120656E20656C2026616D703B6161637574653B72656120646520496E666F726D65732E266C743B2F6C692667743B3C6272202F3E0D0A09266C743B6C692667743B416326616D703B6561637574653B726361746520616C2026616D703B6161637574653B72656120646520496E666F726D65732070617261206F6274656E65722074752062656E656663696F2E266C743B2F6C692667743B3C6272202F3E0D0A266C743B2F6F6C2667743B3C6272202F3E0D0A266C743B2F73656374696F6E2667743B, 'a', 'a', 0x6D61726B6574696E674065736375656C6163756D6272652E6564752E7065, '1', '1', '2017-10-02 18:47:19');

-- ----------------------------
-- Table structure for campus
-- ----------------------------
DROP TABLE IF EXISTS `campus`;
CREATE TABLE `campus` (
  `id` int(11) NOT NULL AUTO_INCREMENT,
  `titulo` varchar(100) COLLATE utf8mb4_bin DEFAULT NULL,
  `subtitulo` varchar(20) COLLATE utf8mb4_bin DEFAULT NULL,
  `descripcion` varchar(40) COLLATE utf8mb4_bin DEFAULT NULL,
  `imagen` varchar(200) COLLATE utf8mb4_bin DEFAULT NULL,
  `url` varchar(75) COLLATE utf8mb4_bin DEFAULT NULL,
  `orden` int(11) DEFAULT NULL,
  `estado` int(1) DEFAULT '1',
  `fecha` timestamp NULL DEFAULT CURRENT_TIMESTAMP ON UPDATE CURRENT_TIMESTAMP,
  PRIMARY KEY (`id`) USING BTREE
) ENGINE=InnoDB AUTO_INCREMENT=25 DEFAULT CHARSET=utf8mb4 COLLATE=utf8mb4_bin ROW_FORMAT=COMPACT;

-- ----------------------------
-- Records of campus
-- ----------------------------
INSERT INTO `campus` VALUES ('16', 'Cumbre 1', '', 'Cumbre 1', 'imagenes/campus/campus1.jpg', '', '1', '1', '2016-07-11 05:29:22');
INSERT INTO `campus` VALUES ('17', 'Campus 2', '', '', 'imagenes/campus/campus2.jpg', '', '2', '1', '2016-07-11 05:30:18');
INSERT INTO `campus` VALUES ('18', 'Campus 3', '', '', 'imagenes/campus/campus3.jpg', '', '3', '1', '2016-07-11 05:30:39');
INSERT INTO `campus` VALUES ('19', 'Campus 4', '', '', 'imagenes/campus/campus4.jpg', '', '4', '1', '2016-07-11 05:30:59');
INSERT INTO `campus` VALUES ('20', 'Campus 5', '', '', 'imagenes/campus/campus5.jpg', '', '5', '1', '2016-07-11 05:31:48');
INSERT INTO `campus` VALUES ('21', 'Campus 6', '', '', 'imagenes/campus/campus6.jpg', '', '6', '1', '2016-07-11 05:32:03');
INSERT INTO `campus` VALUES ('22', 'Campus 7', '', '', 'imagenes/campus/campus7.jpg', '', '7', '1', '2016-07-11 05:32:18');
INSERT INTO `campus` VALUES ('23', 'Campus 8', '', '', 'imagenes/campus/campus8.jpg', '', '8', '1', '2016-07-11 05:32:34');
INSERT INTO `campus` VALUES ('24', 'Campus 9', '', '', 'imagenes/campus/campus9.jpg', '', '9', '1', '2016-07-11 05:32:48');

-- ----------------------------
-- Table structure for carrera
-- ----------------------------
DROP TABLE IF EXISTS `carrera`;
CREATE TABLE `carrera` (
  `id` int(11) unsigned NOT NULL AUTO_INCREMENT,
  `titulo` varchar(75) COLLATE utf8mb4_bin DEFAULT NULL,
  `descripcion` text COLLATE utf8mb4_bin NOT NULL,
  `slide` varchar(75) COLLATE utf8mb4_bin DEFAULT NULL,
  `imagen` varchar(75) COLLATE utf8mb4_bin NOT NULL,
  `presentacion` text COLLATE utf8mb4_bin NOT NULL,
  `porque` text COLLATE utf8mb4_bin NOT NULL,
  `donde` text COLLATE utf8mb4_bin NOT NULL,
  `certificacion` text COLLATE utf8mb4_bin NOT NULL,
  `titulos` text COLLATE utf8mb4_bin NOT NULL,
  `inversion` text COLLATE utf8mb4_bin NOT NULL,
  `titulacion` text COLLATE utf8mb4_bin NOT NULL,
  `duracion` text COLLATE utf8mb4_bin NOT NULL,
  `dia` text COLLATE utf8mb4_bin,
  `horario` text COLLATE utf8mb4_bin,
  `lugar` text COLLATE utf8mb4_bin,
  `precio` text COLLATE utf8mb4_bin,
  `equipos` text COLLATE utf8mb4_bin,
  `consultas` text COLLATE utf8mb4_bin,
  `dirigido` text COLLATE utf8mb4_bin,
  `aquien` text COLLATE utf8mb4_bin,
  `temas` text COLLATE utf8mb4_bin,
  `url` varchar(200) COLLATE utf8mb4_bin DEFAULT NULL,
  `item` int(11) unsigned NOT NULL DEFAULT '0',
  `publicar` char(1) COLLATE utf8mb4_bin DEFAULT 'S',
  `estado` tinyint(1) NOT NULL DEFAULT '1',
  `created_at` timestamp NOT NULL DEFAULT CURRENT_TIMESTAMP ON UPDATE CURRENT_TIMESTAMP,
  PRIMARY KEY (`id`) USING BTREE
) ENGINE=InnoDB AUTO_INCREMENT=2 DEFAULT CHARSET=utf8mb4 COLLATE=utf8mb4_bin ROW_FORMAT=COMPACT;

-- ----------------------------
-- Records of carrera
-- ----------------------------
INSERT INTO `carrera` VALUES ('1', 'Gastronomía', 0x266C743B702667743B45737475646961722047617374726F6E6F6DC3AD6120656E20436869636C61796F20657320756E2070726976696C6567696F20706F7271756520617175C3AD20616C20706172656365722C26616D703B6E6273703B736520696E696369C3B3206C6120486973746F7269612064656C206D756E6469616C6D656E7465207265636F6E6F6369646F205361626F722050657275616E6F2E26616D703B6E6273703B266C743B62722667743B456E2048756163612056656E74617272C3B36E20636F6E206DC3A17320646520342C3030302061C3B16F7320646520616E746967C3BC656461642C20736520656E636F6E747261726F6E26616D703B6E6273703B6C6F73207072696D65726F73206D7572616C657320706F6C6963726F6D6F7320646520416DC3A9726963612E266C743B62722667743B456C205365C3B16F7220646520536970C3A16E26616D703B6E6273703B70726F6261626C656D656E74652064656775737461626120756E20E2809C6368696E6775697269746FE2809D206F207065736361646F207365636F2073616C61646F2E266C743B62722667743B456C20E2809C6C6F636865E2809D2C20C3BA6E69636F207A6170616C6C6F206D696C656E6172696F20646120677573746F2061206E75657374726173207072657061726163696F6E657326616D703B6E6273703B6465736465207469656D706F7320696E6D656D6F7269616C65732E266C743B62722667743B44656C696369617320612062617365206465206361726E657320646520636F7272616C20636F6D6F26616D703B6E6273703B656C207061746F206F206361627269746F20736567756972C3A16E20636175746976616E646F2070616C61646172657320686173746120656C2066696E616C206465206C6F73207469656D706F732E266C743B2F702667743B, 'images/carrera/head-carreras_2.jpg', 'images/carrera/carrera-gastronomia.png', 0x266C743B68332667743BC2BF5155C3892045532047415354524F4E4F4DC38D413F266C743B2F68332667743B266C743B702667743B4C612047617374726F6E6F6DC3AD6120657320756E61206469736369706C696E61207175652061626172636120746F646F206C6F2072656C6163696F6E61646F20616C20706C61636572206465206C6120616C696D656E74616369C3B36E2068756D616E612E204C6173207072657061726163696F6E657320636F6E2073757320686973746F72696173207920747261646963696F6E65732C206C6F7320696E73756D6F73206520696E6772656469656E7465732C20656C20736572766963696F20656E206D6573612C206C617320626562696461732C206C6F732076696E6F732C20656C206465736172726F6C6C6F2079206D616E656A6F206465206E65676F63696F7320636F6D6F2072657374617572616E7465732C2063616665746572C3AD61732C206361746572696E67206465206576656E746F732079206D7563686F206DC3A1732E26616D703B6E6273703B266C743B692667743B47617374726F6E6F6DC3AD61206E6F2073C3B36C6F20657320636F63696E6172206F20636F6D6572207269636F2C207661206D7563686F206DC3A17320616C6CC3A12E266C743B2F692667743B266C743B2F702667743B, 0x266C743B68332667743BC2BF504F52205155C3892045535455444941522047415354524F4E4F4DC38D413F266C743B2F68332667743B266C743B702667743B266C743B62722667743B456C206D756E646F2068612065766F6C7563696F6E61646F20656E20656C206173706563746F2067617374726F6EC3B36D69636F2C20636F6E7669727469656E646F20656C20616C746F206E6976656C20656E20736572766963696F2C20656E20756E20657374C3A16E64617220696E7465726E6163696F6E616C2E20456C2074757269736D6F20636164612076657A206372656365206DC3A1732C206C6F732070616C61646172657320736520736F666973746963616E20636164612064C3AD612E204573206E656365736172696F2071756520656C20506572C3BA2070726F666573696F6E616C696365207375206166616D61646120636F63696E612E20556E20636F63696E65726F207075656465206C6C6567617220612073657220436865662C207669616A617220706F7220746F646F20656C206D756E646F207369727669656E646F20636F6E20737520617274652079206C6F6772616E646F20736174697366616363696F6E65732074616E746F20706572736F6E616C657320636F6D6F2064652073757320636F6D656E73616C65732E26616D703B6E6273703B266C743B2F702667743B, 0x266C743B68332667743BC2BF44C3934E4445205055454445532054524142414A41523F266C743B2F68332667743B266C743B702667743B456C2063616D706F206C61626F72616C206573206D757920616D706C696F2C206573746F7320736F6E20616C67756E6F73206465206C6F732074726162616A6F7320656E20646F6E64652073652070756564656E20646573656D7065C3B16172206E75657374726F7320656772657361646F733A266C743B2F702667743B266C743B756C2667743B266C743B6C692667743B4368656620456A6563757469766F20646520686F74656C6573206F2072657374617572616E7465732E266C743B2F6C692667743B266C743B6C692667743B476572656E746520646520416C696D656E746F73207920426562696461732E266C743B2F6C692667743B266C743B6C692667743B417365736F72206F204CC3AD64657220646520456D7072657361732047617374726F6EC3B36D696361732E266C743B2F6C692667743B266C743B6C692667743B42616E7175657465732079206576656E746F732E266C743B2F6C692667743B266C743B6C692667743B4368656620656A6563757469766F2C20706172746963756C61722C20617365736F72206F20696E7374727563746F7220656E2065737461626C6563696D69656E746F732E266C743B2F6C692667743B266C743B2F756C2667743B, 0x266C743B702667743B4DC3B364756C6F20313A2047617374726F6E6F6DC3AD6120526567696F6E616C266C743B62722667743B4DC3B364756C6F20323A2047617374726F6E6F6DC3AD612050657275616E61266C743B62722667743B4DC3B364756C6F20333A2047617374726F6E6F6DC3AD6120496E7465726E6163696F6E616C266C743B62722667743B26616D703B6E6273703B266C743B2F702667743B, 0x266C743B702667743B266C743B7374726F6E672667743B434152524552412050524F464553494F4E414C2044452047415354524F4E4F4DC38D41205920415254452043554C494E4152494F266C743B2F7374726F6E672667743B266C743B62722667743B736520656E74726567612054C3AD74756C6F2061204E6F6D627265206465206C61204E616369C3B36E266C743B62722667743B28522E4D2E4EC2B02030333435202D2032303038202D20454429266C743B62722667743B266C743B7374726F6E672667743B447572616369C3B36E206465206C6120636172726572613A20266C743B2F7374726F6E672667743B332061C3B16F73202F205649204369636C6F73266C743B62722667743B2863616461206369636C6F20647572612034206D6573657329266C743B2F702667743B, 0x266C743B756C2667743B266C743B6C692667743B4D617472C3AD63756C613A20266C743B7374726F6E672667743B532F203331302E3030266C743B2F7374726F6E672667743B266C743B2F6C692667743B266C743B6C692667743B556E69666F726D6520636F6D706C65746F3A20266C743B7374726F6E672667743B532F203230302E303020266C743B2F7374726F6E672667743B2870616E74616CC3B36E202B20706F6C6F202B206761726962616C6469202B2063616D697361636F202B206D616E64696C29266C743B2F6C692667743B266C743B6C692667743B546F74616C20706F72206369636C6F3A20266C743B7374726F6E672667743B532F20323630302E3030266C743B2F7374726F6E672667743B266C743B2F6C692667743B266C743B6C692667743B546F74616C20706F72206369636C6F20287061676F20616C20636F6E7461646F293A20266C743B7374726F6E672667743B532F20323437302E303020266C743B2F7374726F6E672667743B283525206465736375656E746F29266C743B2F6C692667743B266C743B2F756C2667743B, 0x266C743B702667743B266C743B7374726F6E672667743B3139C2B020266C743B2F7374726F6E672667743B50726F6772616D6120646520417365736F72C3AD612064652050726F796563746F732070617261206F7074617220266C743B7374726F6E672667743B54C3AD74756C6F2050726F666573696F6E616C2054C3A9636E69636F20266C743B2F7374726F6E672667743B656E20474143202847617374726F6E6F6DC3AD61207920417274652043756C696E6172696F29266C743B2F702667743B, 0x31362053454D414E4153, 0x494E4943494F3A20313920444520454E45524F2032303139, 0x53C3A16261646F7320392E303020612031333A3030, 0x41762E20457566656D696F204C6F72612079204C6F726120363235, 0x532F2E20342C3633302E3030, '', 0x283037342920323238373930, '', 0x446972696769646F206120656772657361646F7320636F6E206573747564696F7320636F6E636C7526616D703B6961637574653B646F732E26616D703B6E6273703B, 0x266C743B6F6C2667743B266C743B6C692667743B53656775726964616420652068696769656E6520616C696D656E74617269612E266C743B2F6C692667743B266C743B6C692667743B42504D2E266C743B2F6C692667743B266C743B6C692667743BC3817265612064652070726F6475636369C3B36E20656E20636F63696E612E266C743B2F6C692667743B266C743B6C692667743B4D61726B6574696E672061706C696361646F2E266C743B2F6C692667743B266C743B6C692667743B457469717565746120792070726F746F636F6C6F2E266C743B2F6C692667743B266C743B6C692667743B54C3A9636E696361732062C3A1736963617320646520636F63696E612E266C743B2F6C692667743B266C743B6C692667743B5265706572746F72696F20646520636F63696E6120726567696F6E616C20792070657275616E612E266C743B2F6C692667743B266C743B6C692667743B436174612064652076696E6F732079206D61726964616A652E266C743B2F6C692667743B266C743B6C692667743B417365736F72C3AD612064652070726F796563746F732070726F6475637469766F732E266C743B2F6C692667743B266C743B2F6F6C2667743B, 'gastronomia', '0', 'S', '1', '2019-03-04 21:54:24');

-- ----------------------------
-- Table structure for chef
-- ----------------------------
DROP TABLE IF EXISTS `chef`;
CREATE TABLE `chef` (
  `id` int(11) unsigned NOT NULL AUTO_INCREMENT,
  `nombre` varchar(150) COLLATE utf8mb4_bin NOT NULL,
  `apellidos` varchar(150) COLLATE utf8mb4_bin NOT NULL DEFAULT '',
  `cargo` varchar(120) COLLATE utf8mb4_bin NOT NULL DEFAULT '',
  `resumen` varchar(150) COLLATE utf8mb4_bin DEFAULT NULL,
  `descripcion` longtext COLLATE utf8mb4_bin,
  `imagen` varchar(200) COLLATE utf8mb4_bin DEFAULT NULL,
  `item` int(11) DEFAULT NULL,
  `publicar` char(1) COLLATE utf8mb4_bin NOT NULL DEFAULT 'S',
  `estado` int(1) DEFAULT '1',
  `created_at` timestamp NULL DEFAULT CURRENT_TIMESTAMP ON UPDATE CURRENT_TIMESTAMP,
  PRIMARY KEY (`id`) USING BTREE
) ENGINE=InnoDB AUTO_INCREMENT=10 DEFAULT CHARSET=utf8mb4 COLLATE=utf8mb4_bin ROW_FORMAT=COMPACT;

-- ----------------------------
-- Records of chef
-- ----------------------------
INSERT INTO `chef` VALUES ('1', 'LUIS', 'HUERTA', 'Chef', 'MASTER PATISSIER', 0x266C743B756C2667743B3C6272202F3E0D0A09266C743B6C692667743B457370656369616C697A61636926616D703B6F61637574653B6E20656E204172746973616E2047656C61746F202D2043617270696769616E692047656C61746F20556E69766572736974792C20426F6C6F676E61202D204974616C69612E266C743B2F6C692667743B3C6272202F3E0D0A09266C743B6C692667743B50616E6164657226616D703B6961637574653B61206172746573616E616C20792064656C206D756E646F202D20496E73746974757465206F662043756C696E61727920456475636174696F6E2028494345292C204E657720596F726B2E266C743B2F6C692667743B3C6272202F3E0D0A09266C743B6C692667743B43686F636F6C6174657226616D703B6961637574653B61207920426F6D626F6E657226616D703B6961637574653B61202D2043686F636F6C6174652041636164656D792C204368696361676F2C205553412E266C743B2F6C692667743B3C6272202F3E0D0A09266C743B6C692667743B576F726B73686F7020636F6E2056616C72686F6E6126616D703B6E6273703B2043686F636F6C617465202D20456D6972617465732041636164656D792C2044756226616D703B6161637574653B692E266C743B2F6C692667743B3C6272202F3E0D0A09266C743B6C692667743B50617374727920636865662061736F636961646F2026616D703B6E646173683B204D69616D692043756C696E61727920496E73746974757465266C743B2F6C692667743B3C6272202F3E0D0A09266C743B6C692667743B506173747279206368656620656E205265736F7274204D6164696E6174204A756D65697261682C2044756226616D703B6161637574653B692E266C743B2F6C692667743B3C6272202F3E0D0A09266C743B6C692667743B506173747279206368656620656E205265736F72742043616E796F6E2052616E6368204D69616D692C205553412E266C743B2F6C692667743B3C6272202F3E0D0A09266C743B6C692667743B4D61737465722050617469737369657269652C204C6520436F72646F6E20426C65752050657226616D703B7561637574653B2E266C743B2F6C692667743B3C6272202F3E0D0A09266C743B6C692667743B4C696E65636F6F6B2072657374617572616E74204D616C616261722C204C696D61266C743B2F6C692667743B3C6272202F3E0D0A266C743B2F756C2667743B, 'images/chef/1.jpg', '1', 'S', '1', '2019-03-02 18:20:26');
INSERT INTO `chef` VALUES ('2', 'KEVIN', 'SUÁREZ', 'Chef', 'ESPECIALISTA EN COCINA INTERNACIONAL', 0x266C743B756C2667743B3C6272202F3E0D0A09266C743B6C692667743B436F63696E65726F20656E2052657374617572616E74205226616D703B6561637574653B6769732026616D703B616D703B204A616371756573204D4152434F4E2026616D703B6E646173683B20332045737472656C6C6173204D696368656C696E2C204672616E6369612E266C743B2F6C692667743B3C6272202F3E0D0A09266C743B6C692667743B436F63696E65726F20656E2052657374617572616E74204C756973204265726E6172642050756563682D20312045737472656C6C61204D696368656C696E2C204672616E6369612E266C743B2F6C692667743B3C6272202F3E0D0A09266C743B6C692667743B4D617374657220437563696E6120656E20494349462C204974616C69612E266C743B2F6C692667743B3C6272202F3E0D0A09266C743B6C692667743B4D61737465722043756973696E6520656E2045736375656C612064652047617374726F6E6F6D26616D703B6961637574653B61207920417274652043756C696E6172696F2043756D6272652E266C743B2F6C692667743B3C6272202F3E0D0A09266C743B6C692667743B4368656620656E20526573747572616E7465204C6F6368652C20486F74656C2043617361206465206C61204C756E612C20436869636C61796F2E266C743B2F6C692667743B3C6272202F3E0D0A266C743B2F756C2667743B, 'images/chef/2.jpg', '2', 'S', '1', '2019-03-02 18:20:26');
INSERT INTO `chef` VALUES ('3', 'BORIS', 'STAKEEFF', 'Chef', 'ESPECIALISTA EN COCINA PERUANA E INTERNACIONAL', 0x266C743B756C2667743B3C6272202F3E0D0A09266C743B6C692667743B43686566206465207061727469652064656C20526973746F72616E7465205175616472692C2056656E656369612C204974616C69612E266C743B2F6C692667743B3C6272202F3E0D0A09266C743B6C692667743B4D617374657220437563696E6120656E20494349462C204974616C69612E266C743B2F6C692667743B3C6272202F3E0D0A09266C743B6C692667743B43686566207061726120656C20494920466F726F204D756E6469616C2064652054757269736D6F2047617374726F6E26616D703B6F61637574653B6D69636F2E266C743B2F6C692667743B3C6272202F3E0D0A09266C743B6C692667743B4361706163697461646F72207061726120656C204D494E43455455522026616D703B6E646173683B2043454E464F5455522E266C743B2F6C692667743B3C6272202F3E0D0A09266C743B6C692667743B4368656620617365736F7220656E2053757065726D65726361646F732050657275616E6F732E266C743B2F6C692667743B3C6272202F3E0D0A09266C743B6C692667743B436F616368696E6720792074726162616A6F20656E2065717569706F202D2050726F6E6162656320284D494E454455292E266C743B2F6C692667743B3C6272202F3E0D0A266C743B2F756C2667743B, 'images/chef/3.jpg', '3', 'S', '0', '2019-03-02 18:20:26');
INSERT INTO `chef` VALUES ('4', 'ANDRÉ', 'KUNIYOSHI', 'Chef', 'ESPECIALISTA EN COCINA PERUANA', 0x266C743B756C2667743B3C6272202F3E0D0A09266C743B6C692667743B436865662064652070617274696520656E2072657374617572616E7420416E6472652043686174656C6172642C204672616E6369612E266C743B2F6C692667743B3C6272202F3E0D0A09266C743B6C692667743B4368656620456A6563757469766F206465206C6120636164656E61204361736120416E64696E6120486F74656C2E266C743B2F6C692667743B3C6272202F3E0D0A09266C743B6C692667743B4D61737465722043756973696E6520656E2045736375656C612064652047617374726F6E6F6D26616D703B6961637574653B61207920417274652043756C696E6172696F2043756D6272652E266C743B2F6C692667743B3C6272202F3E0D0A09266C743B6C692667743B417365736F722067617374726F6E26616D703B6F61637574653B6D69636F20656E206469766572736F732072657374617572616E7465732061206E6976656C206E6163696F6E616C266C743B2F6C692667743B3C6272202F3E0D0A266C743B2F756C2667743B, 'images/chef/4.jpg', '4', 'S', '0', '2019-03-02 18:20:27');
INSERT INTO `chef` VALUES ('5', 'JESÚS', 'ZAMORA', 'Chef', 'ESPECIALISTA EN COCINA PERUANA', 0x266C743B756C2667743B3C6272202F3E0D0A09266C743B6C692667743B436865662064652070617274696520656E20526573746175616E74204C26616D703B61637574653B416D626173736164652C204672616E6369612E266C743B2F6C692667743B3C6272202F3E0D0A09266C743B6C692667743B4D61737465722043756973696E6520656E2045736375656C612064652047617374726F6E6F6D26616D703B6961637574653B61207920417274652043756C696E6172696F2043756D6272652E266C743B2F6C692667743B3C6272202F3E0D0A09266C743B6C692667743B4368656620656E2052657374617572616E7420456C2052696E6326616D703B6F61637574653B6E20517565204E6F20436F6E6F6365732C204C696D612E266C743B2F6C692667743B3C6272202F3E0D0A09266C743B6C692667743B41646D696E6973747261636926616D703B6F61637574653B6E207920676573746926616D703B6F61637574653B6E2064652072657374617572616E74657320656E206C612045736375656C61204E6163696F6E616C2064652047617374726F6E6F6D26616D703B6961637574653B612C204C696D612E266C743B2F6C692667743B3C6272202F3E0D0A266C743B2F756C2667743B, 'images/chef/5.jpg', '5', 'S', '1', '2019-03-02 18:20:27');
INSERT INTO `chef` VALUES ('6', 'AGUSTÍN', 'JORDAN', 'Chef', 'ESPECIALISTA EN COCINA REGIONAL', 0x266C743B756C2667743B3C6272202F3E0D0A09266C743B6C692667743B4368656620656A6563757469766F2064656C2072657374617572616E74652074757226616D703B6961637574653B737469636F2026616D703B6C6471756F3B456C204326616D703B6161637574653B6E7461726F26616D703B726471756F3B2C204C616D626179657175652E266C743B2F6C692667743B3C6272202F3E0D0A09266C743B6C692667743B4578706F7369746F7220656E206C6120466572696120496E7465726E6163696F6E616C204D6973747572612028646F73206126616D703B6E74696C64653B6F7320636F6E736563757469766F73292E266C743B2F6C692667743B3C6272202F3E0D0A09266C743B6C692667743B496E76657374696761646F72207920676573746F72206465206C612067617374726F6E6F6D26616D703B6961637574653B6120726567696F6E616C2065206964656E7469646164206C616D6261796563616E612E266C743B2F6C692667743B3C6272202F3E0D0A09266C743B6C692667743B4578706F7369746F7220656E206665726961732064652067617374726F6E6F6D26616D703B6961637574653B6120792074757269736D6F2C20636F6E677265736F7320792074616C6C657265732061206E6976656C206E6163696F6E616C206520696E7465726E6163696F6E616C2E266C743B2F6C692667743B3C6272202F3E0D0A09266C743B6C692667743B4573747564696F7320646520416C746120436F63696E6120656E20486F73706974616C696C79204D616E6167656D656E74205363686F6F6C20436F6C756D6269612C204C696D612E266C743B2F6C692667743B3C6272202F3E0D0A266C743B2F756C2667743B, 'images/chef/6.jpg', '6', 'S', '1', '2019-03-02 18:20:27');
INSERT INTO `chef` VALUES ('7', 'Carlos', 'Urbina', 'Chef', '', 0x266C743B702667743B26616D703B6E6273703B266C743B2F702667743B, 'images/chef/201903041103473325.jpg', '7', 'N', '1', '2019-03-04 11:07:36');
INSERT INTO `chef` VALUES ('8', 'Jimmy', 'Arévalo', 'Chef', '', 0x266C743B702667743B26616D703B6E6273703B266C743B2F702667743B, 'images/chef/201903041103274790.jpg', '8', 'N', '1', '2019-03-04 11:07:34');
INSERT INTO `chef` VALUES ('9', 'Manuel', 'Arevalo', 'Chef', '', 0x266C743B702667743B26616D703B6E6273703B266C743B2F702667743B, 'images/chef/201903041103481292.jpg', '9', 'N', '1', '2019-03-04 11:12:52');

-- ----------------------------
-- Table structure for configuracion
-- ----------------------------
DROP TABLE IF EXISTS `configuracion`;
CREATE TABLE `configuracion` (
  `configuracion_id` int(11) unsigned NOT NULL AUTO_INCREMENT,
  `titulo` varchar(200) COLLATE utf8mb4_bin NOT NULL,
  `horario` text COLLATE utf8mb4_bin,
  `direccion` text COLLATE utf8mb4_bin,
  `email` varchar(200) COLLATE utf8mb4_bin DEFAULT NULL,
  `telefono` varchar(20) COLLATE utf8mb4_bin DEFAULT NULL,
  `facebook` varchar(75) COLLATE utf8mb4_bin DEFAULT NULL,
  `youtube` varchar(75) COLLATE utf8mb4_bin DEFAULT NULL,
  `instagram` varchar(75) COLLATE utf8mb4_bin DEFAULT NULL,
  `mapa` text COLLATE utf8mb4_bin,
  `popup` varchar(75) COLLATE utf8mb4_bin DEFAULT NULL,
  `show_popup` int(1) DEFAULT NULL,
  `estado` char(1) COLLATE utf8mb4_bin NOT NULL DEFAULT '1',
  PRIMARY KEY (`configuracion_id`) USING BTREE
) ENGINE=InnoDB AUTO_INCREMENT=2 DEFAULT CHARSET=utf8mb4 COLLATE=utf8mb4_bin ROW_FORMAT=COMPACT;

-- ----------------------------
-- Records of configuracion
-- ----------------------------
INSERT INTO `configuracion` VALUES ('1', 'INSTITUTO DE GASTRONOMÍA &amp; ARTE CULINARIO', 0x266C743B702667743B4C756E6573206120566965726E657320646520383A303020612E6D2E206120382E303020702E6D2E266C743B2F702667743B, 0x266C743B702667743B41762E20457566656D696F204C6F72612079204C6F726120363235266C743B2F702667743B, 'recepcion@escuelacumbre.edu.pe', '(074) 228 790', 'https://www.facebook.com/CumbrePeru', 'https://www.youtube.com/results?search_query=Cumbre+Gastronomia', 'fotos123', '', 'imagenes/home/slider-1_1.jpg', '0', '1');

-- ----------------------------
-- Table structure for diplomado
-- ----------------------------
DROP TABLE IF EXISTS `diplomado`;
CREATE TABLE `diplomado` (
  `id` int(11) NOT NULL AUTO_INCREMENT,
  `titulo` varchar(75) COLLATE utf8mb4_bin DEFAULT NULL,
  `descripcion` text COLLATE utf8mb4_bin NOT NULL,
  `slide` varchar(75) COLLATE utf8mb4_bin DEFAULT NULL,
  `imagen` varchar(75) COLLATE utf8mb4_bin NOT NULL,
  `certificacion` text COLLATE utf8mb4_bin NOT NULL,
  `titulos` text COLLATE utf8mb4_bin NOT NULL,
  `inversion` text COLLATE utf8mb4_bin NOT NULL,
  `titulacion` text COLLATE utf8mb4_bin NOT NULL,
  `detalleduracion` text COLLATE utf8mb4_bin NOT NULL,
  `detalledia` text COLLATE utf8mb4_bin,
  `detallehorario` text COLLATE utf8mb4_bin,
  `detallelugar` text COLLATE utf8mb4_bin,
  `detalleprecio` text COLLATE utf8mb4_bin,
  `detalleequipos` text COLLATE utf8mb4_bin,
  `detalleconsultas` text COLLATE utf8mb4_bin,
  `detalledirigido` text COLLATE utf8mb4_bin,
  `aquien` text COLLATE utf8mb4_bin,
  `temas` text COLLATE utf8mb4_bin,
  `nombreseo` varchar(200) COLLATE utf8mb4_bin DEFAULT NULL,
  `orden` int(11) NOT NULL,
  `estado` int(1) NOT NULL DEFAULT '1',
  `fecha` timestamp NOT NULL DEFAULT CURRENT_TIMESTAMP ON UPDATE CURRENT_TIMESTAMP,
  PRIMARY KEY (`id`) USING BTREE
) ENGINE=InnoDB AUTO_INCREMENT=2 DEFAULT CHARSET=utf8mb4 COLLATE=utf8mb4_bin ROW_FORMAT=COMPACT;

-- ----------------------------
-- Records of diplomado
-- ----------------------------
INSERT INTO `diplomado` VALUES ('1', 'a:1:{s:2:\"es\";s:11:\"Pastelería\";}', 0x613A313A7B733A323A226573223B733A3332333A223C6469763E4573746520637572736F20266E646173683B2074616C6C6572207469656E6520636F6D6F206F626A657469766F20636170616369746172206120656D7072656E6465646F72657320792061706173696F6E61646F7320706F72206C612070617374656C6572266961637574653B612070617261207175652070756564616E20696D706C656D656E7461722073752070726F70696F206E65676F63696F20656E206261736520612070726F647563746F732064652074656E64656E6369612E3C6272202F3E0D0A4C6F73206173697374656E74657320706F6472266161637574653B6E207265616C697A6172207072266161637574653B637469636120656E2074616C6C6572657320746F74616C6D656E746520696D706C656D656E7461646F732E3C2F6469763E0D0A0D0A3C6469763E266E6273703B3C2F6469763E0D0A223B7D, 'imagenes/carreras/fond_diplomado.jpg', 'imagenes/carreras/diplomado-pasteleria.png', 0x613A313A7B733A323A226573223B733A3438363A224C6F73207061727469636970616E7465732072656369626972266161637574653B6E20656C20434552544946494341444F20454E203C7374726F6E673E54414C4C45522044452050415354454C4552264961637574653B41203C2F7374726F6E673E61206E6F6D6272652064652043756D6272652E3C6272202F3E0D0A3C7374726F6E673E3C656D3E266971756573743B506F72207175266561637574653B20657374756469617220657374652074616C6C657220656E2043756D6272653F3C2F656D3E3C2F7374726F6E673E0D0A3C756C3E0D0A093C6C693E54266561637574653B636E6963617320792068657272616D69656E74617320636F6E20656E666F717565207072266161637574653B637469636F2E3C2F6C693E0D0A093C6C693E446F63656E746520696E7374727563746F7220636F6E20657870657269656E636961207920747261796563746F7269612E3C2F6C693E0D0A093C6C693E417365736F72266961637574653B61206465206368656673206465207072696D6572206E6976656C2E3C2F6C693E0D0A093C6C693E4C612065736375656C612064652067617374726F6E6F6D266961637574653B61206E267561637574653B6D65726F2031206465206C612072656769266F61637574653B6E2E3C2F6C693E0D0A3C2F756C3E0D0A223B7D, 0x613A313A7B733A323A226573223B733A3633333A223C7374726F6E673E4C75697320487565727461202F204D4153544552205041544953534945523C2F7374726F6E673E3C6272202F3E0D0A4D617374657220506174697373696572696520636F6E206D266161637574653B732064652032302061266E74696C64653B6F7320646520657870657269656E6369612E20436F6E20657370656369616C697A616369266F61637574653B6E20656E204172746973616E2047656C61746F202D2043617270696769616E692047656C61746F20556E69766572736974792C20426F6C6F676E6120266E646173683B204974616C69613B2070616E61646572266961637574653B61206172746573616E616C20792064656C206D756E646F20656E20656C20496E73746974757465206F662043756C696E61727920456475636174696F6E2028494345292C204E657720596F726B3B2043686F636F6C61746572266961637574653B61207920426F6D626F6E6572266961637574653B61202D2043686F636F6C6174652041636164656D792C204368696361676F2C205553412E3C6272202F3E0D0A4164656D266161637574653B732065732050617374727920636865662061736F636961646F20266E646173683B204D69616D692043756C696E61727920496E737469747574652C2068612074726162616A61646F20636F6D6F20506173747279206368656620656E205265736F7274204D6164696E6174204A756D65697261682C20447562266161637574653B693B20506173747279206368656620656E205265736F72742043616E796F6E2052616E6368204D69616D692C205553413B207920636F6D6F204C696E6520636F6F6B2072657374617572616E74204D616C616261722C204C696D612E223B7D, 0x613A313A7B733A323A226573223B733A3238383A223C646976207374796C653D226C696E652D6865696768743A2032302E3870783B223E0D0A3C756C3E0D0A093C6C693E532F2E20313830302E3030204E7565766F7320536F6C65732028342063756F74617320646520532F2E203435302E303020736F6C6573293C2F6C693E0D0A093C6C693E532F2E20313530302E303020736F6C65732028616C20636F6E7461646F293C2F6C693E0D0A3C2F756C3E0D0A3C7374726F6E673E496E636C7579653A203C2F7374726F6E673E556E69666F726D65202843686171756574612C206D616E64696C2079204761726962616C646929202F2052656365746172696F202F20496E73756D6F73202F20446567757374616369266F61637574653B6E202F20436572746966696361646F3C2F6469763E0D0A223B7D, 0x613A313A7B733A323A226573223B733A303A22223B7D, 0x613A313A7B733A323A226573223B733A303A22223B7D, 0x613A313A7B733A323A226573223B733A303A22223B7D, 0x613A313A7B733A323A226573223B733A303A22223B7D, 0x613A313A7B733A323A226573223B733A32373A2241762E20457566656D696F204C6F72612079204C6F726120363235223B7D, 0x613A313A7B733A323A226573223B733A32343A22532F2E20313530302E30302028616C20636F6E7461646F29223B7D, 0x613A313A7B733A323A226573223B733A303A22223B7D, 0x613A313A7B733A323A226573223B733A31303A2230373420323238373930223B7D, 0x613A313A7B733A323A226573223B733A303A22223B7D, 0x613A313A7B733A323A226573223B733A3333333A223C756C3E0D0A093C6C693E50726F706965746172696F73206465206E65676F63696F732064652067617374726F6E6F6D266961637574653B612E3C2F6C693E0D0A093C6C693E50617374656C65726F7320717565207175696572656E20696D706C656D656E74617220756E206E65676F63696F2E3C2F6C693E0D0A093C6C693E456D707265736172696F73207175652064657365616E20696D706C656D656E74617220756E61206D617263612064652067617374726F6E6F6D266961637574653B61202870617374656C6572266961637574653B61292E3C2F6C693E0D0A093C6C693E50267561637574653B626C69636F2061706173696F6E61646F20706F72206C612070617374656C6572266961637574653B6120717565207175696572652070657266656363696F6E6172207375206D266561637574653B746F646F2E3C2F6C693E0D0A3C2F756C3E0D0A223B7D, 0x613A313A7B733A323A226573223B733A3331393A223C7374726F6E673E53455349264F61637574653B4E2030313A3C2F7374726F6E673E20266E6273703B20464553544956414C2044452047414C4C455441532059205341424C45532E3C6272202F3E0D0A3C7374726F6E673E53455349264F61637574653B4E2030323A3C2F7374726F6E673E266E6273703B266E6273703B20504945532059205441525441532E3C6272202F3E0D0A3C7374726F6E673E53455349264F61637574653B4E2030333A266E6273703B266E6273703B203C2F7374726F6E673E504945532059205441525441532049492E3C6272202F3E0D0A3C7374726F6E673E53455349264F61637574653B4E2030343A3C2F7374726F6E673E266E6273703B266E6273703B204D4153412043484F55582E3C6272202F3E0D0A5B202E2E2E313620534553494F4E4553205D3C6272202F3E0D0A266E6273703B223B7D, 'pasteleria', '1', '1', '2017-10-05 10:40:34');

-- ----------------------------
-- Table structure for empresa
-- ----------------------------
DROP TABLE IF EXISTS `empresa`;
CREATE TABLE `empresa` (
  `empresa_id` int(10) unsigned NOT NULL AUTO_INCREMENT,
  `tipo_empresa_id` int(10) unsigned NOT NULL,
  `nombre` varchar(255) NOT NULL DEFAULT '',
  `descripcion` text,
  `imagen` varchar(255) NOT NULL DEFAULT '',
  `publicar` char(1) DEFAULT 'S',
  `estado` tinyint(4) NOT NULL DEFAULT '1',
  `created_at` timestamp NULL DEFAULT CURRENT_TIMESTAMP ON UPDATE CURRENT_TIMESTAMP,
  PRIMARY KEY (`empresa_id`)
) ENGINE=InnoDB AUTO_INCREMENT=3 DEFAULT CHARSET=utf8;

-- ----------------------------
-- Records of empresa
-- ----------------------------
INSERT INTO `empresa` VALUES ('1', '1', 'EL SABOR DE LA PEDRO', '', '', 'S', '1', '2019-03-06 12:27:07');
INSERT INTO `empresa` VALUES ('2', '1', 'Nueva Empresa', 'empresa de prueba', 'images/empresa/201903061203155390.jpg', 'S', '1', '2019-03-06 12:03:15');

-- ----------------------------
-- Table structure for laboral
-- ----------------------------
DROP TABLE IF EXISTS `laboral`;
CREATE TABLE `laboral` (
  `id` int(11) NOT NULL AUTO_INCREMENT,
  `titulo` varchar(125) COLLATE utf8mb4_bin DEFAULT NULL,
  `subtitulo` varchar(125) COLLATE utf8mb4_bin DEFAULT NULL,
  `tipo` varchar(125) COLLATE utf8mb4_bin DEFAULT NULL,
  `vacantes` varchar(125) COLLATE utf8mb4_bin DEFAULT NULL,
  `requisitos` text COLLATE utf8mb4_bin NOT NULL,
  `conocimientos` text COLLATE utf8mb4_bin NOT NULL,
  `salario` varchar(125) COLLATE utf8mb4_bin DEFAULT NULL,
  `nombrecontacto` varchar(125) COLLATE utf8mb4_bin DEFAULT NULL,
  `telefonocontacto` varchar(125) COLLATE utf8mb4_bin DEFAULT NULL,
  `emailcontacto` varchar(125) COLLATE utf8mb4_bin DEFAULT NULL,
  `item` int(11) NOT NULL,
  `publicar` char(1) COLLATE utf8mb4_bin NOT NULL DEFAULT 'S',
  `estado` int(1) NOT NULL DEFAULT '1',
  `created_at` timestamp NULL DEFAULT NULL ON UPDATE CURRENT_TIMESTAMP,
  PRIMARY KEY (`id`) USING BTREE
) ENGINE=InnoDB AUTO_INCREMENT=12 DEFAULT CHARSET=utf8mb4 COLLATE=utf8mb4_bin ROW_FORMAT=COMPACT;

-- ----------------------------
-- Records of laboral
-- ----------------------------
INSERT INTO `laboral` VALUES ('1', 'Restaurantes', 'El Sabor de la Pedro', 'Prácticas', '02', 0x266C743B756C2667743B266C743B6C692667743B266C743B7374726F6E672667743B4170746974756465733A266C743B2F7374726F6E672667743B20436F6D70726F6D657469646F2C20686F6E6573746F2C2070726F61637469766F206520496E6E6F7661646F722E266C743B2F6C692667743B266C743B6C692667743B5469656D706F20636F6D706C65746F266C743B2F6C692667743B266C743B6C692667743B266C743B7374726F6E672667743B44697265636369C3B36E3A20266C743B2F7374726F6E672667743B4A75616E205858494949204EC2B020333730202D204C616D626179657175652028206672656E74652061206C6120554E50524729266C743B2F6C692667743B266C743B2F756C2667743B, 0x266C743B756C2667743B266C743B6C692667743B506C61746F73206372696F6C6C6F732C20706C61746F73206465207065736361646F2079206D61726973636F732028707265666572656E746529266C743B2F6C692667743B266C743B6C692667743B507265706172616369C3B36E206465206A75676F732066727574616C6573266C743B2F6C692667743B266C743B6C692667743B436F74697A616369C3B36E20646520706C61746F732028636F73746F2064652070726F6475636369C3B36E29266C743B2F6C692667743B266C743B2F756C2667743B, '--', 'Yurggen Salvador Bendezú Jáuregui', '939632397', 'yurggenbj@gmail.com', '0', 'S', '1', '2019-03-04 11:36:10');
INSERT INTO `laboral` VALUES ('2', 'masmmdmasmdmas', 'asdfsdf', 'asdfasd', '', '', '', '', '', '', '', '1', 'S', '1', '2019-03-07 10:03:11');
INSERT INTO `laboral` VALUES ('3', 'masmmdmasmdmas', 'asdfsdf', 'asdfasd', '05', '', '', '', '', '', '', '2', 'S', '1', '2019-03-07 10:03:34');
INSERT INTO `laboral` VALUES ('4', 'masmmdmasmdmas', 'asdfsdf', 'asdfasd', '05', '', '', '', '', '', '', '3', 'S', '1', '2019-03-07 10:03:31');
INSERT INTO `laboral` VALUES ('5', 'sdfasd', 'asdfasdf', 'asdfasdf', 'asdfasd', 0x6173646661736466, '', '', 'asdfasdf', 'asdfasdf', 'asdfasd', '0', 'S', '1', '2019-03-07 10:03:41');
INSERT INTO `laboral` VALUES ('6', 'masmmdmasmdmas', 'asdfsdf', 'asdfasd', '', 0x6173646661736466, 0x6173646661736466, '', 'armando', '', '', '5', 'S', '1', '2019-03-07 10:03:49');
INSERT INTO `laboral` VALUES ('7', 'masmmdmasmdmas', 'asdfsdf', 'asdfasd', '', 0x6173646661736466, 0x6173646661736466, '', 'armando', '', '', '6', 'S', '1', '2019-03-07 10:03:52');
INSERT INTO `laboral` VALUES ('8', 'asdfasdf', 'asdfsdf', '', '', '', '', '', 'asdf', '', 'asdf', '7', 'S', '1', '2019-03-07 10:03:09');
INSERT INTO `laboral` VALUES ('9', 'masmmdmasmdmas', 'asdfsdf', 'asdfasd', '', '', '', '', 'armando', 'asdfasdf', '', '8', 'S', '1', '2019-03-07 10:03:23');
INSERT INTO `laboral` VALUES ('10', 'pruenbas', 'asdfsdf', 'asdfasd', '05', '', 0x6173646661736466, '2000', 'armando', 'asdfasdf', '', '10', 'S', '1', '2019-03-07 10:03:56');
INSERT INTO `laboral` VALUES ('11', 'masmmdmasmdmas', 'asdfsdf', 'asdfasd', '', '', '', '2000', '', '', '', '11', 'S', '1', '2019-03-07 10:03:22');

-- ----------------------------
-- Table structure for noticia
-- ----------------------------
DROP TABLE IF EXISTS `noticia`;
CREATE TABLE `noticia` (
  `id` int(11) unsigned NOT NULL AUTO_INCREMENT,
  `tipo_noticia_id` int(10) unsigned NOT NULL DEFAULT '1',
  `titulo` varchar(120) COLLATE utf8mb4_bin NOT NULL,
  `descripcion` longtext COLLATE utf8mb4_bin,
  `imagen` varchar(200) COLLATE utf8mb4_bin DEFAULT '',
  `url` varchar(200) COLLATE utf8mb4_bin NOT NULL,
  `item` int(11) DEFAULT NULL,
  `glosa` text COLLATE utf8mb4_bin,
  `publicar` char(1) COLLATE utf8mb4_bin DEFAULT 'S',
  `estado` tinyint(1) unsigned DEFAULT '1',
  `created_at` timestamp NULL DEFAULT CURRENT_TIMESTAMP ON UPDATE CURRENT_TIMESTAMP,
  PRIMARY KEY (`id`) USING BTREE
) ENGINE=InnoDB AUTO_INCREMENT=21 DEFAULT CHARSET=utf8mb4 COLLATE=utf8mb4_bin ROW_FORMAT=COMPACT;

-- ----------------------------
-- Records of noticia
-- ----------------------------
INSERT INTO `noticia` VALUES ('1', '0', 'Conferencias Magistrales', '', 'imagenes/eventos/conferencias-magistrales.jpg', 'conferencias-magistrales', '1', '', 'S', '1', '2019-03-02 13:31:24');
INSERT INTO `noticia` VALUES ('2', '0', 'Clases Magistrales', '', 'imagenes/eventos/clases-magistrales.jpg', 'clases-magistrales', '2', '', 'S', '1', '2019-03-02 13:31:24');
INSERT INTO `noticia` VALUES ('3', '0', 'Expo Cumbre', '', 'imagenes/eventos/expo-cumbre_1.jpg', 'expo-cumbre', '3', '', 'S', '1', '2019-03-02 13:31:24');
INSERT INTO `noticia` VALUES ('4', '0', 'Fiesta de Gala', '', 'imagenes/eventos/fiesta-de-gala.jpg', 'fiesta-de-gala', '4', '', 'S', '1', '2019-03-02 13:31:24');
INSERT INTO `noticia` VALUES ('5', '0', 'Imposición de camisacos I Ciclo', 0x4E75657374726F7320657374756469616E746573206465207072696D6572206369636C6F2072656369626965726F6E207375207072696D6572612063686171756574612C207326616D703B6961637574653B6D626F6C6F20646520696E74656772696461642079207265737065746F206861636961206C612070726F6E74612070726F6665736926616D703B6F61637574653B6E20717565206C6F732061636F6D706126616D703B6E74696C64653B617226616D703B6161637574653B207369656D7072652E, 'imagenes/eventos/im-1.jpg', 'imposicion-de-camisacos-i-ciclo', '5', '', 'S', '1', '2019-03-02 13:31:24');
INSERT INTO `noticia` VALUES ('6', '0', 'Activación Olmos', 0x416374697661636926616D703B6F61637574653B6E20656E20656C2043656E74726F20646520657370617263696D69656E746F20266C743B7374726F6E672667743B26616D703B6C6471756F3B4C6F7320416C676172726F626F7326616D703B726471756F3B266C743B2F7374726F6E672667743B2026616D703B6E646173683B204F6C6D6F732061206C617320393A303020616D2C20656C206426616D703B6961637574653B61203232206465205365707469656D6272652064656C2070726573656E74652E20456C206D6F7469766F206465206E7565737472612070726573656E636961206675652070617274696369706172206465206C6120666572696120766F636163696F6E616C206578706F6E69656E646F206E75657374726120636172726572612070726F666573696F6E616C2064652067617374726F6E6F6D26616D703B6961637574653B6120636F6E206C6120717565206375656E7461206C6120696E7374697475636926616D703B6F61637574653B6E2E266C743B6272202F2667743B3C6272202F3E0D0A26616D703B6E6273703B, 'imagenes/eventos/im-2.jpg', 'activacion-olmos', '6', '', 'S', '1', '2019-03-02 13:31:24');
INSERT INTO `noticia` VALUES ('7', '0', 'Miss Cumbre', 0x4C612045736375656C612050657275616E612064652047617374726F6E6F6D26616D703B6961637574653B61207920417274652043756C696E6172696F2026616D703B6C6471756F3B43554D42524526616D703B726471756F3B2C206F7267616E697A6120656E20656C206D6172636F20646520737520584920416E69766572736172696F20496E737469747563696F6E616C20266C743B7374726F6E672667743B26616D703B6C6471756F3B4D4953532043554D425245203230313726616D703B726471756F3B2C20266C743B2F7374726F6E672667743B656E206C612071756520736520627573636120656C656769722061206C612064616D6120717565206861627226616D703B6161637574653B20646520726570726573656E7461722061206C612073696E67756C61722062656C6C657A612067617374726F6E26616D703B6F61637574653B6D6963612C20617326616D703B6961637574653B20636F6D6F2074616D626926616D703B6561637574653B6E20737573207072696E636970696F7320792076697274756465732E, 'imagenes/eventos/im-3.jpg', 'miss-cumbre', '7', '', 'S', '1', '2019-03-02 13:31:24');
INSERT INTO `noticia` VALUES ('8', '0', 'Cumbrematch', 0x4C612045736375656C612050657275616E612064652047617374726F6E6F6D26616D703B6961637574653B61207920417274652043756C696E6172696F2026616D703B6C6471756F3B43554D42524526616D703B726471756F3B2C206F7267616E697A6120656E20656C206D6172636F20646520737520584920416E69766572736172696F20496E737469747563696F6E616C20656C20266C743B7374726F6E672667743B43554D4252454D4154434820323031372C20436F70612026616D703B6C6471756F3B494E47454E494126616D703B726471756F3B266C743B2F7374726F6E672667743B20636F6E206C6120706172746963697061636926616D703B6F61637574653B6E20646520746F646F73206C6F7320657374756469616E7465732079206D69656D62726F73206465206C6120696E7374697475636926616D703B6F61637574653B6E20636F6E20656C2070726F7026616D703B6F61637574653B7369746F20646520666F6D656E746172206C6120707226616D703B6161637574653B63746963612064656C206465706F7274652C206C612073616E6120636F6D706574656E6369613B20617326616D703B6961637574653B20636F6D6F2C20657374726563686172206C6F73206C617A6F7320646520636F6E6672617465726E6964616420717565207065726D6974616E20756E206465736172726F6C6C6F20696E74656772616C2064656C20657374756469616E74652079206C61206964656E746966696361636926616D703B6F61637574653B6E20636F6E2073752045736375656C612E, 'imagenes/eventos/im-4.jpg', 'cumbrematch', '8', '', 'S', '1', '2019-03-02 13:31:24');
INSERT INTO `noticia` VALUES ('9', '0', 'Seminario Magistral - Cumbre 2017', '', 'imagenes/eventos/cha-cha.jpg', 'seminario-magistral-cumbre-2017', '9', '', 'S', '1', '2019-03-02 13:31:24');
INSERT INTO `noticia` VALUES ('10', '0', 'Conferencia de Prensa', '', 'imagenes/eventos/con-prensa_1.jpg', 'conferencia-de-prensa', '10', '', 'S', '1', '2019-03-02 13:31:25');
INSERT INTO `noticia` VALUES ('11', '0', 'CUMBRE MATCH', '', 'imagenes/eventos/cumbremacth.jpg', 'cumbre-match', '11', '', 'S', '1', '2019-03-02 13:31:25');
INSERT INTO `noticia` VALUES ('12', '0', 'EXPOCUMBRE 2017', '', 'imagenes/eventos/expocumbre.jpg', 'expocumbre-2017', '12', '', 'S', '1', '2019-03-02 13:31:25');
INSERT INTO `noticia` VALUES ('13', '0', 'Fiesta de Gala 2017', '', 'imagenes/eventos/fiesta-gala.jpg', 'fiesta-de-gala-2017', '13', '', 'S', '1', '2019-03-02 13:31:25');
INSERT INTO `noticia` VALUES ('14', '0', 'Guerra de cocinas', '', 'imagenes/eventos/guerra-de-cocinas.jpg', 'guerra-de-cocinas', '14', '', 'S', '1', '2019-03-02 13:31:25');
INSERT INTO `noticia` VALUES ('15', '0', 'Miss Cumbre 2017', '', 'imagenes/eventos/miss-cumbre.jpg', 'miss-cumbre-2017', '15', '', 'S', '1', '2019-03-02 13:31:25');
INSERT INTO `noticia` VALUES ('16', '0', 'I Programa de Actualización Docente y Fortalecimiento de Competencias Pedagógicas', '', 'imagenes/eventos/x-min.jpg', 'i-programa-de-actualizacion-docente-y-fortalecimiento-de-competencias-pedagogicas', '16', '', 'S', '1', '2019-03-02 13:31:25');
INSERT INTO `noticia` VALUES ('17', '0', 'Campaña de Protección ambiental', '', 'imagenes/eventos/x.jpg', 'campanna-de-proteccion-ambiental', '17', '', 'S', '1', '2019-03-02 13:31:25');
INSERT INTO `noticia` VALUES ('18', '1', 'CHARLA MAGISTRAL', '', 'http://www.escuelacumbre.edu.pe/2018/imagenes/nodisponible.jpg', 'charla-magistral', '18', '', 'S', '1', '2019-03-05 19:19:56');
INSERT INTO `noticia` VALUES ('19', '3', 'Taller de Tortas Modernas', 0x266C743B702667743B26616D703B6E6273703B266C743B2F702667743B, '', 'taller-de-tortas-modernas', '19', 0x266C743B702667743B26616D703B6E6273703B266C743B2F702667743B, 'S', '1', '2019-03-05 19:52:34');
INSERT INTO `noticia` VALUES ('20', '2', 'Taller de Pastelería', 0x266C743B702667743B26616D703B6E6273703B266C743B2F702667743B, '', 'taller-de-pasteleria', '0', 0x266C743B702667743B26616D703B6E6273703B266C743B2F702667743B, 'S', '1', '2019-03-05 19:03:12');

-- ----------------------------
-- Table structure for noticia_img
-- ----------------------------
DROP TABLE IF EXISTS `noticia_img`;
CREATE TABLE `noticia_img` (
  `id` int(11) unsigned NOT NULL AUTO_INCREMENT,
  `noticia_id` int(11) unsigned DEFAULT NULL,
  `imagen` varchar(200) COLLATE utf8mb4_bin DEFAULT '',
  `item` int(11) DEFAULT '0',
  `estado` tinyint(1) DEFAULT '1',
  `created_at` timestamp NULL DEFAULT CURRENT_TIMESTAMP ON UPDATE CURRENT_TIMESTAMP,
  PRIMARY KEY (`id`) USING BTREE
) ENGINE=InnoDB AUTO_INCREMENT=139 DEFAULT CHARSET=utf8mb4 COLLATE=utf8mb4_bin ROW_FORMAT=COMPACT;

-- ----------------------------
-- Records of noticia_img
-- ----------------------------
INSERT INTO `noticia_img` VALUES ('3', '1', 'images/noticia/03-jpg-1468583251.jpg', '3', '1', '2019-03-02 13:35:11');
INSERT INTO `noticia_img` VALUES ('4', '1', 'images/noticia/04-jpg-1468583252.jpg', '4', '1', '2019-03-02 13:35:11');
INSERT INTO `noticia_img` VALUES ('5', '1', 'images/noticia/05-jpg-1468583252.jpg', '5', '1', '2019-03-02 13:35:11');
INSERT INTO `noticia_img` VALUES ('6', '1', 'images/noticia/05-1-jpg-1468583253.jpg', '6', '1', '2019-03-02 13:35:11');
INSERT INTO `noticia_img` VALUES ('7', '1', 'images/noticia/05-2-jpg-1468583253.jpg', '7', '1', '2019-03-02 13:35:11');
INSERT INTO `noticia_img` VALUES ('8', '1', 'images/noticia/06-jpg-1468583254.jpg', '8', '1', '2019-03-02 13:35:11');
INSERT INTO `noticia_img` VALUES ('9', '1', 'images/noticia/07-jpg-1468583254.jpg', '9', '1', '2019-03-02 13:35:11');
INSERT INTO `noticia_img` VALUES ('10', '1', 'images/noticia/08-jpg-1468583255.jpg', '10', '1', '2019-03-02 13:35:11');
INSERT INTO `noticia_img` VALUES ('13', '2', 'images/noticia/03-jpg-1468584349.jpg', '13', '1', '2019-03-02 13:35:11');
INSERT INTO `noticia_img` VALUES ('14', '2', 'images/noticia/05-jpg-1468584357.jpg', '14', '1', '2019-03-02 13:35:11');
INSERT INTO `noticia_img` VALUES ('15', '2', 'images/noticia/05-1-jpg-1468584367.jpg', '15', '1', '2019-03-02 13:35:11');
INSERT INTO `noticia_img` VALUES ('16', '2', 'images/noticia/06-jpg-1468584390.jpg', '16', '1', '2019-03-02 13:35:11');
INSERT INTO `noticia_img` VALUES ('18', '2', 'images/noticia/09-jpg-1468584408.jpg', '18', '1', '2019-03-02 13:35:11');
INSERT INTO `noticia_img` VALUES ('19', '2', 'images/noticia/01-jpg-1468595077.jpg', '19', '1', '2019-03-02 13:35:11');
INSERT INTO `noticia_img` VALUES ('20', '2', 'images/noticia/02-jpg-1468595096.jpg', '20', '1', '2019-03-02 13:35:11');
INSERT INTO `noticia_img` VALUES ('21', '2', 'images/noticia/03-jpg-1468595218.jpg', '21', '1', '2019-03-02 13:35:11');
INSERT INTO `noticia_img` VALUES ('22', '2', 'images/noticia/04-jpg-1468595231.jpg', '22', '1', '2019-03-02 13:35:11');
INSERT INTO `noticia_img` VALUES ('23', '2', 'images/noticia/05-jpg-1468595476.jpg', '23', '1', '2019-03-02 13:35:11');
INSERT INTO `noticia_img` VALUES ('24', '2', 'images/noticia/06-jpg-1468595590.jpg', '24', '1', '2019-03-02 13:35:11');
INSERT INTO `noticia_img` VALUES ('25', '3', 'images/noticia/01-jpg-1468595836.jpg', '25', '1', '2019-03-02 13:35:11');
INSERT INTO `noticia_img` VALUES ('26', '3', 'images/noticia/02-jpg-1468595985.jpg', '26', '1', '2019-03-02 13:35:11');
INSERT INTO `noticia_img` VALUES ('27', '3', 'images/noticia/03-jpg-1468596005.jpg', '27', '1', '2019-03-02 13:35:12');
INSERT INTO `noticia_img` VALUES ('28', '3', 'images/noticia/04-jpg-1468596090.jpg', '28', '1', '2019-03-02 13:35:12');
INSERT INTO `noticia_img` VALUES ('29', '3', 'images/noticia/06-jpg-1468596175.jpg', '29', '1', '2019-03-02 13:35:12');
INSERT INTO `noticia_img` VALUES ('30', '3', 'images/noticia/05-jpg-1468596190.jpg', '30', '1', '2019-03-02 13:35:12');
INSERT INTO `noticia_img` VALUES ('31', '3', 'images/noticia/02-jpg-1468596848.jpg', '31', '1', '2019-03-02 13:35:12');
INSERT INTO `noticia_img` VALUES ('32', '3', 'images/noticia/05-jpg-1468597176.jpg', '32', '1', '2019-03-02 13:35:12');
INSERT INTO `noticia_img` VALUES ('33', '3', 'images/noticia/06-jpg-1468597347.jpg', '33', '1', '2019-03-02 13:35:12');
INSERT INTO `noticia_img` VALUES ('34', '3', 'images/noticia/03-jpg-1468597366.jpg', '34', '1', '2019-03-02 13:35:12');
INSERT INTO `noticia_img` VALUES ('35', '4', 'images/noticia/01-jpg-1468599126.jpg', '35', '1', '2019-03-02 13:35:12');
INSERT INTO `noticia_img` VALUES ('36', '4', 'images/noticia/02-jpg-1468599136.jpg', '36', '1', '2019-03-02 13:35:12');
INSERT INTO `noticia_img` VALUES ('37', '4', 'images/noticia/03-jpg-1468599143.jpg', '37', '1', '2019-03-02 13:35:12');
INSERT INTO `noticia_img` VALUES ('38', '4', 'images/noticia/04-jpg-1468599148.jpg', '38', '1', '2019-03-02 13:35:12');
INSERT INTO `noticia_img` VALUES ('39', '4', 'images/noticia/05-jpg-1468599155.jpg', '39', '1', '2019-03-02 13:35:12');
INSERT INTO `noticia_img` VALUES ('40', '4', 'images/noticia/06-jpg-1468599160.jpg', '40', '1', '2019-03-02 13:35:12');
INSERT INTO `noticia_img` VALUES ('41', '4', 'images/noticia/07-jpg-1468599165.jpg', '41', '1', '2019-03-02 13:35:12');
INSERT INTO `noticia_img` VALUES ('42', '4', 'images/noticia/08-jpg-1468599168.jpg', '42', '1', '2019-03-02 13:35:12');
INSERT INTO `noticia_img` VALUES ('43', '4', 'images/noticia/09-jpg-1468599174.jpg', '43', '1', '2019-03-02 13:35:12');
INSERT INTO `noticia_img` VALUES ('44', '5', 'images/noticia/camisacos-oct-2017-1.jpg', '44', '1', '2019-03-02 13:35:12');
INSERT INTO `noticia_img` VALUES ('45', '5', 'images/noticia/camisacos-oct-2017-2.jpg', '45', '1', '2019-03-02 13:35:12');
INSERT INTO `noticia_img` VALUES ('46', '6', 'images/noticia/activ-olmos-oct-2017-1.jpg', '46', '1', '2019-03-02 13:35:12');
INSERT INTO `noticia_img` VALUES ('47', '6', 'images/noticia/activ-olmos-oct-2017-2.jpg', '47', '1', '2019-03-02 13:35:12');
INSERT INTO `noticia_img` VALUES ('48', '6', 'images/noticia/activ-olmos-oct-2017-3.jpg', '48', '1', '2019-03-02 13:35:12');
INSERT INTO `noticia_img` VALUES ('49', '7', 'images/noticia/mis-cumbre-oct-2017.jpg', '49', '1', '2019-03-02 13:35:12');
INSERT INTO `noticia_img` VALUES ('50', '8', 'images/noticia/expo-cumbre-oct-2017.jpg', '50', '1', '2019-03-02 13:35:13');
INSERT INTO `noticia_img` VALUES ('51', '9', 'images/noticia/seminarios-magistrales-17/cha1.jpg', '1', '1', '2019-03-02 13:35:13');
INSERT INTO `noticia_img` VALUES ('52', '9', 'images/noticia/seminarios-magistrales-17/cha2.jpg', '2', '1', '2019-03-02 13:35:13');
INSERT INTO `noticia_img` VALUES ('53', '9', 'images/noticia/seminarios-magistrales-17/cha3.jpg', '3', '1', '2019-03-02 13:35:13');
INSERT INTO `noticia_img` VALUES ('54', '9', 'images/noticia/seminarios-magistrales-17/cha4.jpg', '4', '1', '2019-03-02 13:35:13');
INSERT INTO `noticia_img` VALUES ('55', '9', 'images/noticia/seminarios-magistrales-17/cha5.jpg', '5', '1', '2019-03-02 13:35:13');
INSERT INTO `noticia_img` VALUES ('56', '10', 'images/noticia/conf-prensa-nov17/con-prensa-1.jpg', '1', '1', '2019-03-02 13:35:13');
INSERT INTO `noticia_img` VALUES ('57', '10', 'images/noticia/conf-prensa-nov17/con-prensa-2.jpg', '2', '1', '2019-03-02 13:35:13');
INSERT INTO `noticia_img` VALUES ('58', '10', 'images/noticia/conf-prensa-nov17/con-prensa-3.jpg', '3', '1', '2019-03-02 13:35:13');
INSERT INTO `noticia_img` VALUES ('59', '10', 'images/noticia/conf-prensa-nov17/con-prensa-4.jpg', '4', '1', '2019-03-02 13:35:13');
INSERT INTO `noticia_img` VALUES ('60', '11', 'images/noticia/cumbrematch-nov17/cumbre-match-1.jpg', '1', '1', '2019-03-02 13:35:13');
INSERT INTO `noticia_img` VALUES ('61', '11', 'images/noticia/cumbrematch-nov17/cumbre-match-2.jpg', '2', '1', '2019-03-02 13:35:13');
INSERT INTO `noticia_img` VALUES ('62', '11', 'images/noticia/cumbrematch-nov17/cumbre-match-3.jpg', '3', '1', '2019-03-02 13:35:13');
INSERT INTO `noticia_img` VALUES ('70', '12', 'images/noticia/expocumbre-2017/expocumbre-1.jpg', '1', '1', '2019-03-02 13:35:13');
INSERT INTO `noticia_img` VALUES ('71', '12', 'images/noticia/expocumbre-2017/expocumbre-2.jpg', '2', '1', '2019-03-02 13:35:13');
INSERT INTO `noticia_img` VALUES ('72', '12', 'images/noticia/expocumbre-2017/expocumbre-3.jpg', '3', '1', '2019-03-02 13:35:13');
INSERT INTO `noticia_img` VALUES ('73', '12', 'images/noticia/expocumbre-2017/expocumbre-4.jpg', '4', '1', '2019-03-02 13:35:13');
INSERT INTO `noticia_img` VALUES ('74', '12', 'images/noticia/expocumbre-2017/expocumbre-5.jpg', '5', '1', '2019-03-02 13:35:13');
INSERT INTO `noticia_img` VALUES ('75', '12', 'images/noticia/expocumbre-2017/expocumbre-6.jpg', '6', '1', '2019-03-02 13:35:13');
INSERT INTO `noticia_img` VALUES ('76', '13', 'images/noticia/fiesta-gala-2017/1.jpg', '1', '1', '2019-03-02 13:35:13');
INSERT INTO `noticia_img` VALUES ('77', '13', 'images/noticia/fiesta-gala-2017/2.jpg', '2', '1', '2019-03-02 13:35:13');
INSERT INTO `noticia_img` VALUES ('78', '13', 'images/noticia/fiesta-gala-2017/3.jpg', '3', '1', '2019-03-02 13:35:13');
INSERT INTO `noticia_img` VALUES ('79', '13', 'images/noticia/fiesta-gala-2017/4.jpg', '4', '1', '2019-03-02 13:35:14');
INSERT INTO `noticia_img` VALUES ('80', '13', 'images/noticia/fiesta-gala-2017/5.jpg', '5', '1', '2019-03-02 13:35:14');
INSERT INTO `noticia_img` VALUES ('81', '14', 'images/noticia/guerra-de-cocinas/1.jpg', '1', '1', '2019-03-02 13:35:14');
INSERT INTO `noticia_img` VALUES ('82', '14', 'images/noticia/guerra-de-cocinas/2.jpg', '2', '1', '2019-03-02 13:35:14');
INSERT INTO `noticia_img` VALUES ('83', '14', 'images/noticia/guerra-de-cocinas/3.jpg', '3', '1', '2019-03-02 13:35:14');
INSERT INTO `noticia_img` VALUES ('84', '14', 'images/noticia/guerra-de-cocinas/4.jpg', '4', '1', '2019-03-02 13:35:14');
INSERT INTO `noticia_img` VALUES ('85', '14', 'images/noticia/guerra-de-cocinas/5.jpg', '5', '1', '2019-03-02 13:35:14');
INSERT INTO `noticia_img` VALUES ('86', '15', 'images/noticia/miss-cumbre-17/1.jpg', '1', '1', '2019-03-02 13:35:14');
INSERT INTO `noticia_img` VALUES ('87', '15', 'images/noticia/miss-cumbre-17/2.jpg', '2', '1', '2019-03-02 13:35:14');
INSERT INTO `noticia_img` VALUES ('88', '15', 'images/noticia/miss-cumbre-17/3.jpg', '3', '1', '2019-03-02 13:35:14');
INSERT INTO `noticia_img` VALUES ('89', '15', 'images/noticia/miss-cumbre-17/4.jpg', '4', '1', '2019-03-02 13:35:14');
INSERT INTO `noticia_img` VALUES ('90', '15', 'images/noticia/miss-cumbre-17/5.jpg', '5', '1', '2019-03-02 13:35:14');
INSERT INTO `noticia_img` VALUES ('91', '17', 'images/noticia/web-01-1-jpg-1545418300.jpg', '51', '1', '2019-03-02 13:35:14');
INSERT INTO `noticia_img` VALUES ('92', '17', 'images/noticia/web-01-jpg-1545418301.jpg', '52', '1', '2019-03-02 13:35:14');
INSERT INTO `noticia_img` VALUES ('93', '17', 'images/noticia/willay-01-jpg-1545418304.jpg', '53', '1', '2019-03-02 13:35:14');
INSERT INTO `noticia_img` VALUES ('94', '1', 'images/noticia/conferencias-magistrales.jpg', '0', '1', '2019-03-02 13:40:43');
INSERT INTO `noticia_img` VALUES ('95', '2', 'images/noticia/clases-magistrales.jpg', '0', '1', '2019-03-02 13:40:43');
INSERT INTO `noticia_img` VALUES ('96', '3', 'images/noticia/expo-cumbre_1.jpg', '0', '1', '2019-03-02 13:40:43');
INSERT INTO `noticia_img` VALUES ('97', '4', 'images/noticia/fiesta-de-gala.jpg', '0', '1', '2019-03-02 13:40:43');
INSERT INTO `noticia_img` VALUES ('98', '5', 'images/noticia/im-1.jpg', '0', '1', '2019-03-02 13:40:43');
INSERT INTO `noticia_img` VALUES ('99', '6', 'images/noticia/im-2.jpg', '0', '1', '2019-03-02 13:40:43');
INSERT INTO `noticia_img` VALUES ('100', '7', 'images/noticia/im-3.jpg', '0', '1', '2019-03-02 13:40:43');
INSERT INTO `noticia_img` VALUES ('101', '8', 'images/noticia/im-4.jpg', '0', '1', '2019-03-02 13:40:43');
INSERT INTO `noticia_img` VALUES ('102', '9', 'images/noticia/cha-cha.jpg', '0', '1', '2019-03-02 13:40:43');
INSERT INTO `noticia_img` VALUES ('103', '10', 'images/noticia/con-prensa_1.jpg', '0', '1', '2019-03-02 13:40:43');
INSERT INTO `noticia_img` VALUES ('104', '11', 'images/noticia/cumbremacth.jpg', '0', '1', '2019-03-02 13:40:43');
INSERT INTO `noticia_img` VALUES ('105', '12', 'images/noticia/expocumbre.jpg', '0', '1', '2019-03-02 13:40:43');
INSERT INTO `noticia_img` VALUES ('106', '13', 'images/noticia/fiesta-gala.jpg', '0', '1', '2019-03-02 13:40:43');
INSERT INTO `noticia_img` VALUES ('107', '14', 'images/noticia/guerra-de-cocinas.jpg', '0', '1', '2019-03-02 13:40:44');
INSERT INTO `noticia_img` VALUES ('108', '15', 'images/noticia/miss-cumbre.jpg', '0', '1', '2019-03-02 13:40:44');
INSERT INTO `noticia_img` VALUES ('109', '16', 'images/noticia/x-min.jpg', '0', '1', '2019-03-02 13:40:44');
INSERT INTO `noticia_img` VALUES ('110', '17', 'images/noticia/x.jpg', '0', '1', '2019-03-02 13:40:44');
INSERT INTO `noticia_img` VALUES ('113', '18', 'images/noticia/18201903051003118515.jpg', '1', '1', '2019-03-05 10:03:11');
INSERT INTO `noticia_img` VALUES ('114', '18', 'images/noticia/18201903051003117282.jpg', '2', '1', '2019-03-05 10:03:11');
INSERT INTO `noticia_img` VALUES ('115', '18', 'images/noticia/18201903051003115906.jpg', '3', '1', '2019-03-05 10:03:11');
INSERT INTO `noticia_img` VALUES ('116', '18', 'images/noticia/18201903051003112973.jpg', '4', '1', '2019-03-05 10:03:11');
INSERT INTO `noticia_img` VALUES ('117', '18', 'images/noticia/18201903051003116713.jpg', '5', '1', '2019-03-05 10:03:11');
INSERT INTO `noticia_img` VALUES ('118', '18', 'images/noticia/18201903051003119347.jpg', '6', '1', '2019-03-05 10:03:11');
INSERT INTO `noticia_img` VALUES ('119', '18', 'images/noticia/18201903051003113241.jpg', '7', '1', '2019-03-05 10:03:11');
INSERT INTO `noticia_img` VALUES ('120', '18', 'images/noticia/18201903051003117800.jpg', '8', '1', '2019-03-05 10:03:11');
INSERT INTO `noticia_img` VALUES ('121', '18', 'images/noticia/18201903051003119485.jpg', '9', '1', '2019-03-05 10:03:11');
INSERT INTO `noticia_img` VALUES ('122', '18', 'images/noticia/18201903051003113613.jpg', '10', '1', '2019-03-05 10:03:11');
INSERT INTO `noticia_img` VALUES ('123', '20', 'images/noticia/20201903051903126005.jpg', '1', '1', '2019-03-05 19:03:12');
INSERT INTO `noticia_img` VALUES ('124', '20', 'images/noticia/20201903051903121484.jpg', '2', '1', '2019-03-05 19:03:12');
INSERT INTO `noticia_img` VALUES ('125', '20', 'images/noticia/20201903051903127075.jpg', '3', '1', '2019-03-05 19:03:12');
INSERT INTO `noticia_img` VALUES ('126', '20', 'images/noticia/20201903051903126535.jpg', '4', '1', '2019-03-05 19:03:12');
INSERT INTO `noticia_img` VALUES ('127', '20', 'images/noticia/20201903051903127424.jpg', '5', '1', '2019-03-05 19:03:12');
INSERT INTO `noticia_img` VALUES ('128', '20', 'images/noticia/20201903051903121077.jpg', '6', '1', '2019-03-05 19:03:12');
INSERT INTO `noticia_img` VALUES ('129', '20', 'images/noticia/20201903051903127305.jpg', '7', '1', '2019-03-05 19:03:12');
INSERT INTO `noticia_img` VALUES ('130', '19', 'images/noticia/19201903051903268432.jpg', '1', '1', '2019-03-05 19:03:26');
INSERT INTO `noticia_img` VALUES ('131', '19', 'images/noticia/19201903051903262343.jpg', '2', '1', '2019-03-05 19:03:26');
INSERT INTO `noticia_img` VALUES ('132', '19', 'images/noticia/19201903051903265568.jpg', '3', '1', '2019-03-05 19:03:26');
INSERT INTO `noticia_img` VALUES ('133', '19', 'images/noticia/19201903051903263280.jpg', '4', '1', '2019-03-05 19:03:26');
INSERT INTO `noticia_img` VALUES ('134', '19', 'images/noticia/19201903051903265003.jpg', '5', '1', '2019-03-05 19:03:26');
INSERT INTO `noticia_img` VALUES ('135', '19', 'images/noticia/19201903051903269187.jpg', '6', '1', '2019-03-05 19:03:26');
INSERT INTO `noticia_img` VALUES ('136', '19', 'images/noticia/19201903051903268625.jpg', '7', '1', '2019-03-05 19:03:26');
INSERT INTO `noticia_img` VALUES ('137', '19', 'images/noticia/19201903051903266779.jpg', '8', '1', '2019-03-05 19:03:26');
INSERT INTO `noticia_img` VALUES ('138', '19', 'images/noticia/19201903051903266632.jpg', '9', '1', '2019-03-05 19:03:26');

-- ----------------------------
-- Table structure for oportunidad_laboral
-- ----------------------------
DROP TABLE IF EXISTS `oportunidad_laboral`;
CREATE TABLE `oportunidad_laboral` (
  `id` int(11) NOT NULL AUTO_INCREMENT,
  `empresa_id` int(10) unsigned NOT NULL,
  `titulo` varchar(125) COLLATE utf8mb4_bin NOT NULL DEFAULT '',
  `tipo` varchar(125) COLLATE utf8mb4_bin DEFAULT NULL,
  `vacantes` varchar(125) COLLATE utf8mb4_bin DEFAULT NULL,
  `requisitos` text COLLATE utf8mb4_bin NOT NULL,
  `conocimientos` text COLLATE utf8mb4_bin NOT NULL,
  `salario` varchar(125) COLLATE utf8mb4_bin DEFAULT NULL,
  `nombrecontacto` varchar(125) COLLATE utf8mb4_bin DEFAULT NULL,
  `telefonocontacto` varchar(125) COLLATE utf8mb4_bin DEFAULT NULL,
  `emailcontacto` varchar(125) COLLATE utf8mb4_bin DEFAULT NULL,
  `item` int(11) NOT NULL,
  `publicar` char(1) COLLATE utf8mb4_bin NOT NULL DEFAULT 'S',
  `estado` int(1) NOT NULL DEFAULT '1',
  `created_at` timestamp NOT NULL DEFAULT CURRENT_TIMESTAMP ON UPDATE CURRENT_TIMESTAMP,
  PRIMARY KEY (`id`) USING BTREE
) ENGINE=InnoDB AUTO_INCREMENT=2 DEFAULT CHARSET=utf8mb4 COLLATE=utf8mb4_bin ROW_FORMAT=COMPACT;

-- ----------------------------
-- Records of oportunidad_laboral
-- ----------------------------
INSERT INTO `oportunidad_laboral` VALUES ('1', '1', 'Restaurantes', 'Prácticas', '02', 0x266C743B756C2667743B266C743B6C692667743B266C743B7374726F6E672667743B4170746974756465733A266C743B2F7374726F6E672667743B20436F6D70726F6D657469646F2C20686F6E6573746F2C2070726F61637469766F206520496E6E6F7661646F722E266C743B2F6C692667743B266C743B6C692667743B5469656D706F20636F6D706C65746F266C743B2F6C692667743B266C743B6C692667743B266C743B7374726F6E672667743B44697265636369C3B36E3A20266C743B2F7374726F6E672667743B4A75616E205858494949204EC2B020333730202D204C616D626179657175652028206672656E74652061206C6120554E50524729266C743B2F6C692667743B266C743B2F756C2667743B, 0x266C743B756C2667743B266C743B6C692667743B506C61746F73206372696F6C6C6F732C20706C61746F73206465207065736361646F2079206D61726973636F732028707265666572656E746529266C743B2F6C692667743B266C743B6C692667743B507265706172616369C3B36E206465206A75676F732066727574616C6573266C743B2F6C692667743B266C743B6C692667743B436F74697A616369C3B36E20646520706C61746F732028636F73746F2064652070726F6475636369C3B36E29266C743B2F6C692667743B266C743B2F756C2667743B, '--', 'Yurggen Salvador Bendezú Jáuregui', '939632397', 'yurggenbj@gmail.com', '3', 'S', '1', '2019-03-07 11:18:55');

-- ----------------------------
-- Table structure for red
-- ----------------------------
DROP TABLE IF EXISTS `red`;
CREATE TABLE `red` (
  `id` int(11) NOT NULL AUTO_INCREMENT,
  `titulo` varchar(125) COLLATE utf8mb4_bin DEFAULT NULL,
  `subtitulo` varchar(125) COLLATE utf8mb4_bin DEFAULT NULL,
  `tipo` varchar(125) COLLATE utf8mb4_bin DEFAULT NULL,
  `vacantes` varchar(125) COLLATE utf8mb4_bin DEFAULT NULL,
  `requisitos` text COLLATE utf8mb4_bin NOT NULL,
  `conocimientos` text COLLATE utf8mb4_bin NOT NULL,
  `salario` varchar(125) COLLATE utf8mb4_bin DEFAULT NULL,
  `nombrecontacto` varchar(125) COLLATE utf8mb4_bin DEFAULT NULL,
  `telefonocontacto` varchar(125) COLLATE utf8mb4_bin DEFAULT NULL,
  `emailcontacto` varchar(125) COLLATE utf8mb4_bin DEFAULT NULL,
  `item` int(11) NOT NULL,
  `publicar` char(1) COLLATE utf8mb4_bin NOT NULL DEFAULT 'S',
  `estado` int(1) NOT NULL DEFAULT '1',
  `created_at` timestamp NOT NULL DEFAULT CURRENT_TIMESTAMP ON UPDATE CURRENT_TIMESTAMP,
  PRIMARY KEY (`id`) USING BTREE
) ENGINE=InnoDB AUTO_INCREMENT=2 DEFAULT CHARSET=utf8mb4 COLLATE=utf8mb4_bin ROW_FORMAT=COMPACT;

-- ----------------------------
-- Records of red
-- ----------------------------
INSERT INTO `red` VALUES ('1', 'Restaurantes', 'El Sabor de la Pedro', 'Prácticas', '02', 0x266C743B756C2667743B266C743B6C692667743B266C743B7374726F6E672667743B4170746974756465733A266C743B2F7374726F6E672667743B20436F6D70726F6D657469646F2C20686F6E6573746F2C2070726F61637469766F206520496E6E6F7661646F722E266C743B2F6C692667743B266C743B6C692667743B5469656D706F20636F6D706C65746F266C743B2F6C692667743B266C743B6C692667743B266C743B7374726F6E672667743B44697265636369C3B36E3A20266C743B2F7374726F6E672667743B4A75616E205858494949204EC2B020333730202D204C616D626179657175652028206672656E74652061206C6120554E50524729266C743B2F6C692667743B266C743B2F756C2667743B, 0x266C743B756C2667743B266C743B6C692667743B506C61746F73206372696F6C6C6F732C20706C61746F73206465207065736361646F2079206D61726973636F732028707265666572656E746529266C743B2F6C692667743B266C743B6C692667743B507265706172616369C3B36E206465206A75676F732066727574616C6573266C743B2F6C692667743B266C743B6C692667743B436F74697A616369C3B36E20646520706C61746F732028636F73746F2064652070726F6475636369C3B36E29266C743B2F6C692667743B266C743B2F756C2667743B, '--', 'Yurggen Salvador Bendezú Jáuregui', '939632397', 'yurggenbj@gmail.com', '0', 'S', '1', '2019-03-04 11:36:10');

-- ----------------------------
-- Table structure for suscrito
-- ----------------------------
DROP TABLE IF EXISTS `suscrito`;
CREATE TABLE `suscrito` (
  `id` int(11) unsigned NOT NULL AUTO_INCREMENT,
  `nombre` varchar(255) CHARACTER SET utf8mb4 NOT NULL,
  `asunto` varchar(255) CHARACTER SET utf8mb4 NOT NULL DEFAULT '',
  `email` varchar(255) CHARACTER SET utf8mb4 NOT NULL DEFAULT '',
  `telefono` varchar(50) CHARACTER SET utf8mb4 NOT NULL DEFAULT '',
  `empresa` varchar(255) CHARACTER SET utf8mb4 DEFAULT '',
  `mensaje` text CHARACTER SET utf8mb4,
  `estado` int(1) NOT NULL DEFAULT '1',
  `created_at` timestamp NULL DEFAULT CURRENT_TIMESTAMP ON UPDATE CURRENT_TIMESTAMP,
  PRIMARY KEY (`id`) USING BTREE
) ENGINE=InnoDB DEFAULT CHARSET=utf8mb4 COLLATE=utf8mb4_bin ROW_FORMAT=COMPACT;

-- ----------------------------
-- Records of suscrito
-- ----------------------------

-- ----------------------------
-- Table structure for taller
-- ----------------------------
DROP TABLE IF EXISTS `taller`;
CREATE TABLE `taller` (
  `id` int(11) unsigned NOT NULL AUTO_INCREMENT,
  `chef_id` int(10) unsigned DEFAULT '0',
  `titulo` varchar(75) COLLATE utf8mb4_bin DEFAULT NULL,
  `descripcion` text COLLATE utf8mb4_bin NOT NULL,
  `imagen` varchar(75) COLLATE utf8mb4_bin NOT NULL,
  `certificacion` text COLLATE utf8mb4_bin NOT NULL,
  `titulos` text COLLATE utf8mb4_bin NOT NULL,
  `titulacion` text COLLATE utf8mb4_bin NOT NULL,
  `duracion` text COLLATE utf8mb4_bin NOT NULL,
  `dia` text COLLATE utf8mb4_bin,
  `horario` text COLLATE utf8mb4_bin,
  `lugar` text COLLATE utf8mb4_bin,
  `precio` text COLLATE utf8mb4_bin,
  `dirigido` text COLLATE utf8mb4_bin,
  `sesiones` varchar(255) COLLATE utf8mb4_bin DEFAULT '',
  `temas` text COLLATE utf8mb4_bin,
  `url` varchar(200) COLLATE utf8mb4_bin DEFAULT NULL,
  `item` int(11) NOT NULL,
  `glosa` text COLLATE utf8mb4_bin,
  `publicar` char(1) COLLATE utf8mb4_bin NOT NULL DEFAULT 'S',
  `estado` int(1) NOT NULL DEFAULT '1',
  `created_at` timestamp NOT NULL DEFAULT CURRENT_TIMESTAMP ON UPDATE CURRENT_TIMESTAMP,
  PRIMARY KEY (`id`) USING BTREE
) ENGINE=InnoDB AUTO_INCREMENT=11 DEFAULT CHARSET=utf8mb4 COLLATE=utf8mb4_bin ROW_FORMAT=COMPACT;

-- ----------------------------
-- Records of taller
-- ----------------------------
INSERT INTO `taller` VALUES ('1', '0', 'MASA HOJALDRE Y SUS APLICACIONES', 0x266C743B702667743B26616D703B6E6273703B266C743B2F702667743B, 'images/taller/1.jpg', '', '', '', 0x372C20382C20392064652061676F73746F, '', 0x373A303020612031303A303020706D2E, '', 0x532F20323030, '', '3 SESIONES', 0x266C743B702667743B26616D703B6E6273703B266C743B2F702667743B, '0', '0', 0x266C743B702667743B26616D703B6E6273703B266C743B2F702667743B, 'S', '0', '2019-03-04 11:16:13');
INSERT INTO `taller` VALUES ('2', '0', 'TORTAS MODERNAS', 0x266C743B702667743B26616D703B6E6273703B266C743B2F702667743B, 'images/taller/2.jpg', '', '', '', 0x31342C2031352C2031362064652061676F73746F, '', 0x373A303020612031303A303020706D2E, '', 0x532F20323030, '', '3 SESIONES', 0x266C743B702667743B26616D703B6E6273703B266C743B2F702667743B, '0', '0', 0x266C743B702667743B26616D703B6E6273703B266C743B2F702667743B, 'S', '0', '2019-03-04 11:15:51');
INSERT INTO `taller` VALUES ('3', '0', 'MESA DULCE', 0x266C743B702667743B26616D703B6E6273703B266C743B2F702667743B, 'images/taller/3.jpg', '', '', '', 0x32312C2032322C2032332064652061676F73746F, '', 0x373A303020612031303A303020706D2E, '', 0x532F20323030, '', '3 SESIONES', 0x266C743B702667743B26616D703B6E6273703B266C743B2F702667743B, '0', '0', 0x266C743B702667743B26616D703B6E6273703B266C743B2F702667743B, 'S', '0', '2019-03-04 11:15:21');
INSERT INTO `taller` VALUES ('4', '0', 'TALLER DE EMPRENDEDORES', 0x266C743B702667743B26616D703B6E6273703B266C743B2F702667743B, 'images/taller/4.jpg', '', '', '', 0x4C756E6573203131206861737461203236206665627265726F, '', 0x362061203920706D, '', 0x532F20353030, 0x3820736573696F6E6573, '', 0x266C743B702667743B266C743B7374726F6E672667743B53657369C3B36E203120E280932032266C743B2F7374726F6E672667743B266C743B2F702667743B266C743B756C2667743B266C743B6C692667743B422E502E4D2E206275656E6173207072C3A163746963617320656E206D616E6970756C616369C3B36E20646520616C696D656E746F73266C743B2F6C692667743B266C743B6C692667743B42727573656C696E612064652063686F636F6C617465266C743B2F6C692667743B266C743B6C692667743B546F7274612068656C616461266C743B2F6C692667743B266C743B6C692667743B546F7274612074726573206C65636865266C743B2F6C692667743B266C743B6C692667743B4372656D6120766F6C7465616461266C743B2F6C692667743B266C743B2F756C2667743B266C743B702667743B266C743B7374726F6E672667743B53657369C3B36E203320E280932034266C743B2F7374726F6E672667743B266C743B2F702667743B266C743B756C2667743B266C743B6C692667743B44697365C3B16F2079206571756970616D69656E746F20646520756E2074616C6C65722064652070617374656C6572C3AD612E266C743B2F6C692667743B266C743B6C692667743B416C66616A6F726573206465206D616963656E61207920616C66616A6F72657320637562696572746F732064652063686F636F6C6174652E266C743B2F6C692667743B266C743B6C692667743B506F73747265732064652074C3A93A2062726F776E6965732C206D616764616C656E61732C2062697A636F74656C61732E266C743B2F6C692667743B266C743B6C692667743B506179206465206C696DC3B36E20636F6E206D6572656E677565206974616C69616E6F2E266C743B2F6C692667743B266C743B6C692667743B506179206465206D616E7A616E6120636F6E206D6173612066726F6C612E266C743B2F6C692667743B266C743B2F756C2667743B266C743B702667743B266C743B7374726F6E672667743B53657369C3B36E203520E280932036266C743B2F7374726F6E672667743B266C743B2F702667743B266C743B756C2667743B266C743B6C692667743B4765737469C3B36E20646520636F6D70726173207920616C6D6163C3A96E266C743B2F6C692667743B266C743B6C692667743B42617661726F6973206465206775696E646F6E6573266C743B2F6C692667743B266C743B6C692667743B50696F6E6F6E6F266C743B2F6C692667743B266C743B6C692667743B53656C7661206E65677261266C743B2F6C692667743B266C743B6C692667743B536F7566666CC3A9206465207661696E696C6C61266C743B2F6C692667743B266C743B2F756C2667743B266C743B702667743B266C743B7374726F6E672667743B53657369C3B36E203720E280932038266C743B2F7374726F6E672667743B266C743B2F702667743B266C743B756C2667743B266C743B6C692667743B436F73746F732064652070726F6475636369C3B36E2C20636F7374656F2064652072656365746173266C743B2F6C692667743B266C743B6C692667743B5265642076656C7665742063616B652066726F7374696E6720792072656C6C656E6F266C743B2F6C692667743B266C743B6C692667743B546F7274612064616D65726F20637562696572746120636F6E206372656D612064652063686F636F6C6174652079206465636F7261646120636F6E20667275746F732064656C20626F73717565266C743B2F6C692667743B266C743B2F756C2667743B, '0', '0', 0x266C743B702667743B26616D703B6E6273703B266C743B2F702667743B, 'S', '1', '2019-03-04 11:14:35');
INSERT INTO `taller` VALUES ('5', '0', 'COCINA PARA PRINCIPIANTES', 0x266C743B702667743B26616D703B6E6273703B266C743B2F702667743B, 'images/taller/5.jpg', '', '', '', 0x31312D31322D3133206665627265726F, '', 0x3620706D2061203920706D, '', 0x3230302E3030, '', '', 0x266C743B702667743B266C743B7374726F6E672667743B4D4F44554C4F2049266C743B2F7374726F6E672667743B266C743B2F702667743B266C743B756C2667743B266C743B6C692667743B266C743B7374726F6E672667743B53657369C3B36E2031266C743B2F7374726F6E672667743B3A207265636F6E6F63696D69656E746F206465207574656E73696C696F732C2074C3A9636E69636120646520636F72746573266C743B2F6C692667743B266C743B2F756C2667743B266C743B702667743B466F6E646F7320646520636F636369C3B36E266C743B2F702667743B266C743B702667743B41646572657A6F732062617365266C743B2F702667743B266C743B702667743B4D696E657374726F6E6520E28093206573746F6661646F20646520706F6C6C6F20E28093206C696D6F6E616461266C743B2F702667743B266C743B756C2667743B266C743B6C692667743B266C743B7374726F6E672667743B53657369C3B36E2032266C743B2F7374726F6E672667743B3A26616D703B6E6273703B207072696E636970616C6573206DC3A9746F646F7320646520636F636369C3B36E266C743B2F6C692667743B266C743B2F756C2667743B266C743B702667743B506170612061206C61206875616E6361C3AD6E612C206172726F7A20636F6E20706F6C6C6F2C20656E73616C616461206372696F6C6C612C20636869636861206D6F72616461266C743B2F702667743B266C743B702667743B266C743B7374726F6E672667743B4D4F44554C4F20494926616D703B6E6273703B266C743B2F7374726F6E672667743B266C743B2F702667743B266C743B756C2667743B266C743B6C692667743B266C743B7374726F6E672667743B53657369C3B36E2031266C743B2F7374726F6E672667743B266C743B2F6C692667743B266C743B2F756C2667743B266C743B702667743B266C743B7374726F6E672667743B56696E61677265746173266C743B2F7374726F6E672667743B266C743B2F702667743B266C743B702667743B456E73616C616461206365736172207920637275746F6E6573266C743B2F702667743B266C743B702667743B417361646F20636F6E20707572C3A9266C743B2F702667743B266C743B702667743B49636520746561266C743B2F702667743B266C743B756C2667743B266C743B6C692667743B266C743B7374726F6E672667743B53657369C3B36E266C743B2F7374726F6E672667743B2032266C743B2F6C692667743B266C743B2F756C2667743B266C743B702667743B266C743B7374726F6E672667743B436F636369C3B36E2064656C206172726F7A266C743B2F7374726F6E672667743B266C743B2F702667743B266C743B702667743B4361757361206C696D65C3B161266C743B2F702667743B266C743B702667743B4172726F7A20636F6E206D61726973636F732079206C696D6F6E6164612066726F7A656E266C743B2F702667743B266C743B756C2667743B266C743B6C692667743B266C743B7374726F6E672667743B53657369C3B36E266C743B2F7374726F6E672667743B2033266C743B2F6C692667743B266C743B2F756C2667743B266C743B702667743B266C743B7374726F6E672667743B53616C746561646F73207920666C616D626561646F73266C743B2F7374726F6E672667743B266C743B2F702667743B266C743B702667743B416AC3AD2064652067616C6C696E61266C743B2F702667743B266C743B702667743B4C6F6D6F2073616C7461646F266C743B2F702667743B266C743B702667743B4D617261637579C3A12066726F7A656E266C743B2F702667743B, '0', '0', 0x266C743B702667743B26616D703B6E6273703B266C743B2F702667743B, 'S', '1', '2019-03-04 11:14:07');
INSERT INTO `taller` VALUES ('6', '9', 'BARRA CEVICHERA', 0x266C743B702667743B26616D703B6E6273703B266C743B2F702667743B, 'images/taller/6.jpg', '', '', '', 0x3131202D313220E28093203133206665627265726F, '', 0x352061203820706D, '', 0x732F20323030, '', '', 0x266C743B702667743B266C743B62722667743B53657369C3B36E20313A20266C743B7374726F6E672667743B6C6563686520646520746967726520792076617269616E746573266C743B2F7374726F6E672667743B266C743B2F702667743B266C743B756C2667743B266C743B6C692667743B4C6563686520646520746967726520747261646963696F6E616C3A2061706572697469766F206D6172696E6F2070726570617261646F20612062617365206465207065736361646F2E266C743B2F6C692667743B266C743B6C692667743B4C656368652064652070616E746572613A2061706572697469766F206D6172696E6F2070726570617261646F2061206261736520646520636F6E63686173206E65677261732E266C743B2F6C692667743B266C743B6C692667743B4C65636865206465206C61676172746F3A2061706572697469766F206D6172696E6F2070726570617261646F2061206261736520646520636F6E74756E64656E7465206C656368652064652074696772652C2063756C616E74726F207920616AC3AD206C696D6F266C743B2F6C692667743B266C743B2F756C2667743B266C743B702667743B53657369C3B36E20323A26616D703B6E6273703B266C743B2F702667743B266C743B702667743B266C743B7374726F6E672667743B636576696368657320636172726574696C6C65726F73266C743B2F7374726F6E672667743B266C743B2F702667743B266C743B756C2667743B266C743B6C692667743B43657669636865206465207065736361646F3A2070726570617261646F20612062617365207065736361646F206D6172696E61646F20636F6E2073616C2C20616AC3AD206C696D6F2C2063756C616E74726F2C207A756D6F206465206C696DC3B36E2079206365626F6C6C612C20636F6E20677561726E696369C3B36E20646520746F7274697461732064652063686F6C6F2E266C743B2F6C692667743B266C743B6C692667743B43657669636865206D6978746F3A2070726570617261646F20612062617365206465207065736361646F2079206D61726973636F7320286C616E676F7374696E6F732C2063617261636F6C20792070756C706F292C20636F6E20677561726E696369C3B36E20646520797563612C2063616D6F74652C2063686F6C6F20792063616E6368612E266C743B2F6C692667743B266C743B6C692667743B4365766963686520636F6E206368696368617272C3B36E3A206365766963686520747261646963696F6E616C20636F6E206368696368617272C3B36E2064652063616C616D61722E266C743B2F6C692667743B266C743B2F756C2667743B266C743B702667743B53657369C3B36E20333A266C743B2F702667743B266C743B702667743B266C743B7374726F6E672667743B26616D703B6E6273703B636576696368657320636F6D70756573746F73266C743B2F7374726F6E672667743B266C743B2F702667743B266C743B756C2667743B266C743B6C692667743B436576696368652063616C69656E74653A207065736361646F206D6172696E61646F20656E206372656D6120646520616AC3AD20616D6172696C6C6F207920636F6369646F2061206C6173206272617361732079207365727669646F20656E2070616E7175697461206168756D616461266C743B2F6C692667743B266C743B6C692667743B4368616E63616469746F2064652063616E6772656A6F2E266C743B2F6C692667743B266C743B6C692667743B43686F7269746F732061206C61206368616C6163612E266C743B2F6C692667743B266C743B2F756C2667743B, '9', '0', 0x266C743B702667743B26616D703B6E6273703B266C743B2F702667743B, 'S', '1', '2019-03-04 11:13:23');
INSERT INTO `taller` VALUES ('7', '8', 'SANGUCHERÍA PERUANA', 0x266C743B702667743B26616D703B6C743B7374726F6E6726616D703B67743B436865663A204A696D6D7920417226616D703B616D703B6561637574653B76616C6F26616D703B6C743B2F7374726F6E6726616D703B67743B26616D703B6C743B6272202F26616D703B67743B266C743B62722667743B266C743B62722667743B26616D703B6C743B6272202F26616D703B67743B266C743B62722667743B266C743B62722667743B5365736926616D703B616D703B6F61637574653B6E2031266C743B62722667743B266C743B62722667743B26616D703B6C743B756C26616D703B67743B266C743B62722667743B266C743B62722667743B26616D703B6C743B6C6926616D703B67743B5326616D703B616D703B6161637574653B6E677563686520646520636869636861727226616D703B616D703B6F61637574653B6E266C743B62722667743B266C743B62722667743B26616D703B6C743B756C207374796C653D2671756F743B6C6973742D7374796C652D747970653A636972636C653B2671756F743B26616D703B67743B266C743B62722667743B266C743B62722667743B26616D703B6C743B6C6926616D703B67743B50616E206672616E6326616D703B616D703B6561637574653B7326616D703B6C743B2F6C6926616D703B67743B266C743B62722667743B266C743B62722667743B26616D703B6C743B6C6926616D703B67743B5A61727A61206372696F6C6C6126616D703B6C743B2F6C6926616D703B67743B266C743B62722667743B266C743B62722667743B26616D703B6C743B6C6926616D703B67743B43616D6F746520656E20636869707326616D703B6C743B2F6C6926616D703B67743B266C743B62722667743B266C743B62722667743B26616D703B6C743B6C6926616D703B67743B436572646F20706F636861646F207920667269746F207072657669616D656E746520656E2073616C6D7565726126616D703B6C743B2F6C6926616D703B67743B266C743B62722667743B266C743B62722667743B26616D703B6C743B6C6926616D703B67743B416A26616D703B616D703B6961637574653B2070617272696C6C65726F26616D703B6C743B2F6C6926616D703B67743B266C743B62722667743B266C743B62722667743B26616D703B6C743B6C6926616D703B67743B4C65636875676126616D703B6C743B2F6C6926616D703B67743B266C743B62722667743B266C743B62722667743B26616D703B6C743B2F756C26616D703B67743B266C743B62722667743B266C743B62722667743B26616D703B6C743B2F6C6926616D703B67743B266C743B62722667743B266C743B62722667743B26616D703B6C743B2F756C26616D703B67743B266C743B62722667743B266C743B62722667743B26616D703B616D703B6E6273703B266C743B62722667743B266C743B62722667743B266C743B62722667743B266C743B62722667743B26616D703B6C743B756C26616D703B67743B266C743B62722667743B266C743B62722667743B26616D703B6C743B6C6926616D703B67743B5326616D703B616D703B6161637574653B6E67756368652064652070616E63657461206167726964756C6365266C743B62722667743B266C743B62722667743B26616D703B6C743B756C207374796C653D2671756F743B6C6973742D7374796C652D747970653A636972636C653B2671756F743B26616D703B67743B266C743B62722667743B266C743B62722667743B26616D703B6C743B6C6926616D703B67743B50616E2064652068616D627572677565736120636F6E20616A6F6E6A6F6C26616D703B616D703B6961637574653B26616D703B6C743B2F6C6926616D703B67743B266C743B62722667743B266C743B62722667743B26616D703B6C743B6C6926616D703B67743B456E6375727469646F206465206E61626F2079207A616E61686F72696126616D703B6C743B2F6C6926616D703B67743B266C743B62722667743B266C743B62722667743B26616D703B6C743B6C6926616D703B67743B50616E6365746120616C20686F726E6F26616D703B6C743B2F6C6926616D703B67743B266C743B62722667743B266C743B62722667743B26616D703B6C743B6C6926616D703B67743B53616C7361206167726964756C636526616D703B6C743B2F6C6926616D703B67743B266C743B62722667743B266C743B62722667743B26616D703B6C743B2F756C26616D703B67743B266C743B62722667743B266C743B62722667743B26616D703B6C743B2F6C6926616D703B67743B266C743B62722667743B266C743B62722667743B26616D703B6C743B2F756C26616D703B67743B266C743B62722667743B266C743B62722667743B5365736926616D703B616D703B6F61637574653B6E2032266C743B62722667743B266C743B62722667743B266C743B62722667743B266C743B62722667743B26616D703B6C743B756C26616D703B67743B266C743B62722667743B266C743B62722667743B26616D703B6C743B6C6926616D703B67743B5326616D703B616D703B6161637574653B6E677563686520646520617361646F20646520726573266C743B62722667743B266C743B62722667743B26616D703B6C743B756C207374796C653D2671756F743B6C6973742D7374796C652D747970653A636972636C653B2671756F743B26616D703B67743B266C743B62722667743B266C743B62722667743B26616D703B6C743B6C6926616D703B67743B417361646F2064652072657326616D703B6C743B2F6C6926616D703B67743B266C743B62722667743B266C743B62722667743B26616D703B6C743B6C6926616D703B67743B44656D692D676C61737326616D703B6C743B2F6C6926616D703B67743B266C743B62722667743B266C743B62722667743B26616D703B6C743B6C6926616D703B67743B43686970732064652070617061206E617469766126616D703B6C743B2F6C6926616D703B67743B266C743B62722667743B266C743B62722667743B26616D703B6C743B6C6926616D703B67743B4C656368756761206C61636961207920746F6D61746526616D703B6C743B2F6C6926616D703B67743B266C743B62722667743B266C743B62722667743B26616D703B6C743B2F756C26616D703B67743B266C743B62722667743B266C743B62722667743B26616D703B6C743B2F6C6926616D703B67743B266C743B62722667743B266C743B62722667743B26616D703B6C743B2F756C26616D703B67743B266C743B62722667743B266C743B62722667743B26616D703B616D703B6E6273703B266C743B62722667743B266C743B62722667743B266C743B62722667743B266C743B62722667743B26616D703B6C743B756C26616D703B67743B266C743B62722667743B266C743B62722667743B26616D703B6C743B6C6926616D703B67743B5326616D703B616D703B6161637574653B6E6775636865206465206C6F6D6F2073616C7461646F266C743B62722667743B266C743B62722667743B26616D703B6C743B756C207374796C653D2671756F743B6C6973742D7374796C652D747970653A636972636C653B2671756F743B26616D703B67743B266C743B62722667743B266C743B62722667743B26616D703B6C743B6C6926616D703B67743B4C6F6D6F20656E207375206A75676F26616D703B6C743B2F6C6926616D703B67743B266C743B62722667743B266C743B62722667743B26616D703B6C743B6C6926616D703B67743B56657264757261732063726F63616E74657326616D703B6C743B2F6C6926616D703B67743B266C743B62722667743B266C743B62722667743B26616D703B6C743B6C6926616D703B67743B50616E206672616E6326616D703B616D703B6561637574653B7326616D703B6C743B2F6C6926616D703B67743B266C743B62722667743B266C743B62722667743B26616D703B6C743B6C6926616D703B67743B50617061732066726974617326616D703B6C743B2F6C6926616D703B67743B266C743B62722667743B266C743B62722667743B26616D703B6C743B2F756C26616D703B67743B266C743B62722667743B266C743B62722667743B26616D703B6C743B2F6C6926616D703B67743B266C743B62722667743B266C743B62722667743B26616D703B6C743B2F756C26616D703B67743B266C743B62722667743B266C743B62722667743B5365736926616D703B616D703B6F61637574653B6E2033266C743B62722667743B266C743B62722667743B266C743B62722667743B266C743B62722667743B26616D703B6C743B756C26616D703B67743B266C743B62722667743B266C743B62722667743B26616D703B6C743B6C6926616D703B67743B5326616D703B616D703B6161637574653B6E6775636865206465207061766F20617361646F206372696F6C6C6F266C743B62722667743B266C743B62722667743B26616D703B6C743B756C207374796C653D2671756F743B6C6973742D7374796C652D747970653A636972636C653B2671756F743B26616D703B67743B266C743B62722667743B266C743B62722667743B26616D703B6C743B6C6926616D703B67743B50616E206672616E6326616D703B616D703B6561637574653B7326616D703B6C743B2F6C6926616D703B67743B266C743B62722667743B266C743B62722667743B26616D703B6C743B6C6926616D703B67743B50656368756761206465207061766F20656E207375206A75676F26616D703B6C743B2F6C6926616D703B67743B266C743B62722667743B266C743B62722667743B26616D703B6C743B6C6926616D703B67743B5A61727A61206372696F6C6C6126616D703B6C743B2F6C6926616D703B67743B266C743B62722667743B266C743B62722667743B26616D703B6C743B6C6926616D703B67743B5426616D703B616D703B6161637574653B7274617261206372696F6C6C612028616A26616D703B616D703B6961637574653B206C696D6F2C2063756C616E74726F2C20687565766F206475726F2079206D61796F6E6573612926616D703B6C743B2F6C6926616D703B67743B266C743B62722667743B266C743B62722667743B26616D703B6C743B6C6926616D703B67743B4C65636875676126616D703B6C743B2F6C6926616D703B67743B266C743B62722667743B266C743B62722667743B26616D703B6C743B6C6926616D703B67743B43686970732064652063616D6F746526616D703B6C743B2F6C6926616D703B67743B266C743B62722667743B266C743B62722667743B26616D703B6C743B2F756C26616D703B67743B266C743B62722667743B266C743B62722667743B26616D703B6C743B2F6C6926616D703B67743B266C743B62722667743B266C743B62722667743B26616D703B6C743B2F756C26616D703B67743B266C743B62722667743B266C743B62722667743B26616D703B616D703B6E6273703B266C743B62722667743B266C743B62722667743B266C743B62722667743B266C743B62722667743B26616D703B6C743B756C26616D703B67743B266C743B62722667743B266C743B62722667743B26616D703B6C743B6C6926616D703B67743B5326616D703B616D703B6161637574653B6E6775636865206465207061766F2073616C756461626C65266C743B62722667743B266C743B62722667743B26616D703B6C743B756C207374796C653D2671756F743B6C6973742D7374796C652D747970653A636972636C653B2671756F743B26616D703B67743B266C743B62722667743B266C743B62722667743B26616D703B6C743B6C6926616D703B67743B50616E20696E74656772616C26616D703B6C743B2F6C6926616D703B67743B266C743B62722667743B266C743B62722667743B26616D703B6C743B6C6926616D703B67743B50656368756761206465207061766F206D6167726120616C20686F726E6F26616D703B6C743B2F6C6926616D703B67743B266C743B62722667743B266C743B62722667743B26616D703B6C743B6C6926616D703B67743B4C6563687567612C20746F6D6174652C2070616C7461207920617226616D703B616D703B7561637574653B67756C6126616D703B6C743B2F6C6926616D703B67743B266C743B62722667743B266C743B62722667743B26616D703B6C743B6C6926616D703B67743B56696E6167726574613A2076696E616772652062616C7326616D703B616D703B6161637574653B6D69636F2C20616365697465206465206F6C6976612C206D69656C2C206D6F7374617A6126616D703B6C743B2F6C6926616D703B67743B266C743B62722667743B266C743B62722667743B26616D703B6C743B2F756C26616D703B67743B266C743B62722667743B266C743B62722667743B26616D703B6C743B2F6C6926616D703B67743B266C743B62722667743B266C743B62722667743B26616D703B6C743B2F756C26616D703B67743B266C743B2F702667743B, 'images/taller/7.jpg', '', '', '', 0x313820E28093203139202D3231206665627265726F, '', 0x362061203920706D, '', 0x732F20323030, '', '', 0x266C743B702667743B26616D703B6E6273703B266C743B2F702667743B, '8', '0', 0x266C743B702667743B26616D703B6E6273703B266C743B2F702667743B, 'S', '1', '2019-03-04 11:11:30');
INSERT INTO `taller` VALUES ('8', '8', 'SANDWICH INTERNACIONALES', 0x266C743B702667743B26616D703B6E6273703B266C743B2F702667743B, 'images/taller/8.jpg', '', '', '', 0x323520E280932032362079203238206665627265726F, '', 0x362061203920706D, 0x74616C6C657220373032, 0x732F20323030, '', '', 0x266C743B702667743B266C743B62722667743B53657369C3B36E2031266C743B2F702667743B266C743B756C2667743B266C743B6C692667743B53C3A16E6477696368207068696C6164656C66696120286361726E652064657368696C616368616461207920717565736F29266C743B756C2667743B266C743B6C692667743B50616E696E69266C743B2F6C692667743B266C743B6C692667743B53616C736120646520717565736F206168756D61646F202862656368616D656C29266C743B2F6C692667743B266C743B6C692667743B4365626F6C6C6120636172616D656C697A616461266C743B2F6C692667743B266C743B6C692667743B4361726E6520656E206CC3A16D696E6173266C743B2F6C692667743B266C743B2F756C2667743B266C743B2F6C692667743B266C743B6C692667743B48616D6275726775657361206172746573616E616C2061206C61206672616E63657361266C743B756C2667743B266C743B6C692667743B50616E2064652068616D627572677565736120636F6E20616A6F6E6A6F6CC3AD266C743B2F6C692667743B266C743B6C692667743B4361726E65206D6F6C6964612C20687565766F2C20746F6D696C6C6F2C20726F6D65726F2C206365626F6C6C61266C743B2F6C692667743B266C743B6C692667743B546F63696E6F2063726F63616E7465266C743B2F6C692667743B266C743B6C692667743B4365626F6C6C6120636172616D656C697A6164612028746F6D696C6C6F2C20726F6D65726F207920616365697465206465206F6C69766129266C743B2F6C692667743B266C743B6C692667743B53616C7361206465206368616D7069C3B16F6E6573202862656368616D656C29266C743B2F6C692667743B266C743B6C692667743B4C656368756761207920746F6D617465266C743B2F6C692667743B266C743B2F756C2667743B266C743B2F6C692667743B266C743B2F756C2667743B266C743B702667743B53657369C3B36E2032266C743B2F702667743B266C743B756C2667743B266C743B6C692667743B53C3A16E647769636820646520706F6C6C6F2063C3A9736172266C743B756C2667743B266C743B6C692667743B50616E2070697461266C743B2F6C692667743B266C743B6C692667743B4D6973206465206C656368756761266C743B2F6C692667743B266C743B6C692667743B5065636875676120646520706F6C6C6F2061206C6120706C616E636861266C743B2F6C692667743B266C743B6C692667743B5061726D6573616E6F266C743B2F6C692667743B266C743B6C692667743B53616C73612063C3A9736172266C743B2F6C692667743B266C743B2F756C2667743B266C743B2F6C692667743B266C743B6C692667743B53C3A16E647769636820646520706F6C6C6F206772696C6C61646F2079207665726475726173266C743B756C2667743B266C743B6C692667743B4369616261747461266C743B2F6C692667743B266C743B6C692667743B5065636875676120646520706F6C6C6F20616C206772696C6C266C743B2F6C692667743B266C743B6C692667743B5A756363696E692C20746F6D6174652C206C656368756761266C743B2F6C692667743B266C743B6C692667743B4368696D69636875727269266C743B2F6C692667743B266C743B2F756C2667743B266C743B2F6C692667743B266C743B2F756C2667743B266C743B702667743B53657369C3B36E2033266C743B2F702667743B266C743B756C2667743B266C743B6C692667743B266C743B7374726F6E672667743B466573746976616C20646520636C75622073C3A16E64776963683A266C743B2F7374726F6E672667743B266C743B756C2667743B266C743B6C692667743B436C75622073C3A16E647769636820636CC3A17369636F3A266C743B756C2667743B266C743B6C692667743B50616E206465206D6F6C64652073696E20636F7274657A61266C743B2F6C692667743B266C743B6C692667743B506F6C6C6F20636F6E206D61796F6E6573612079206C656368756761266C743B2F6C692667743B266C743B6C692667743B50616C74612C20746F6D617465266C743B2F6C692667743B266C743B6C692667743B487565766F207920746F63696E6F266C743B2F6C692667743B266C743B6C692667743B43686970732064652070617061206E6174697661266C743B2F6C692667743B266C743B2F756C2667743B266C743B2F6C692667743B266C743B2F756C2667743B266C743B2F6C692667743B266C743B6C692667743B436C75622073C3A16E6477696368206372696F6C6C6F3A266C743B756C2667743B266C743B6C692667743B50616E206465206D6F6C64652073696E20636F7274657A61266C743B2F6C692667743B266C743B6C692667743B53616C6368696368612064652068756163686F207920687565766F266C743B2F6C692667743B266C743B6C692667743B4A616DC3B36E2064656C207061C3AD73207920717565736F207061726961266C743B2F6C692667743B266C743B6C692667743B506F6C6C6F206D65636861646F202876696E616772652C2070616E6361207920616A6F29266C743B2F6C692667743B266C743B6C692667743B43686970732064652063616D6F74652E266C743B2F6C692667743B266C743B2F756C2667743B266C743B2F6C692667743B266C743B6C692667743B436C75622073C3A16E6477696368206672616E63C3A9733A266C743B756C2667743B266C743B6C692667743B50616E206465206D6F6C64652073696E20636F7274657A61266C743B2F6C692667743B266C743B6C692667743B4A616DC3B36E20696E676CC3A973207920717565736F204564616D266C743B2F6C692667743B266C743B6C692667743B4365626F6C6C617320636172616D656C697A6164617320636F6E206368616D7069C3B16F6E6573266C743B2F6C692667743B266C743B6C692667743B517565736F2072616C6C61646F207920687565766F206D6F6E7461646F266C743B2F6C692667743B266C743B6C692667743B43686970732064652070617061732072656A696C6C61266C743B2F6C692667743B266C743B2F756C2667743B266C743B2F6C692667743B266C743B2F756C2667743B, '8', '0', 0x266C743B702667743B26616D703B6E6273703B266C743B2F702667743B, 'S', '1', '2019-03-04 11:10:36');
INSERT INTO `taller` VALUES ('9', '0', 'EL MUNDO DE LAS EMPANADAS', 0x266C743B702667743B26616D703B6E6273703B266C743B2F702667743B, 'images/taller/9.jpg', '', '', '', 0x3420E280932035202D37206D61727A6F, '', 0x732F20323030, 0x54616C6C657220373032, 0x732F20323030, '', '', 0x266C743B702667743B266C743B62722667743B266C743B7374726F6E672667743B53657369C3B36E2031266C743B2F7374726F6E672667743B266C743B2F702667743B266C743B756C2667743B266C743B6C692667743B4D6173612062726973C3A9653A266C743B756C2667743B266C743B6C692667743B456D70616E61646120646520706F6C6C6F2061206C612066696E617320686965726261733A266C743B756C2667743B266C743B6C692667743B706F6C6C6F2073616C746561646F266C743B2F6C692667743B266C743B6C692667743B6365626F6C6C6120636172616D656C697A616461266C743B2F6C692667743B266C743B6C692667743B73616C73612062656368616D656C266C743B2F6C692667743B266C743B6C692667743B6D61796F6E65736120616C20616AC3AD20616D6172696C6C6F266C743B2F6C692667743B266C743B2F756C2667743B266C743B2F6C692667743B266C743B6C692667743B456D70616E616461206465206C6F6D6F2073616C7461646F266C743B756C2667743B266C743B6C692667743B6C6F6D6F20616C206A75676F266C743B2F6C692667743B266C743B6C692667743B76657264757261732063726F63616E7465733A206365626F6C6C612C20746F6D617465207920616AC3AD2E266C743B2F6C692667743B266C743B6C692667743B6D61796F6E657361206F7269656E74616C3A206D61796F6E65736120636F6E2061636569746520646520616A6F6E6A6F6CC3AD2C20616A6F2079206B696F6E2E266C743B2F6C692667743B266C743B2F756C2667743B266C743B2F6C692667743B266C743B2F756C2667743B266C743B2F6C692667743B266C743B2F756C2667743B266C743B702667743B266C743B7374726F6E672667743B53657369C3B36E2032266C743B2F7374726F6E672667743B266C743B2F702667743B266C743B756C2667743B266C743B6C692667743B4D617361206672697461266C743B756C2667743B266C743B6C692667743B456D70616E61646120617267656E74696E61266C743B756C2667743B266C743B6C692667743B6D69782064652063686F72697A6F20792066696E6F20636F72746520646520726573266C743B2F6C692667743B266C743B6C692667743B70696D69656E746F73206D6F72726F6E6561646F73266C743B2F6C692667743B266C743B6C692667743B73616C7361206368696D69636875727269266C743B2F6C692667743B266C743B2F756C2667743B266C743B2F6C692667743B266C743B6C692667743B456D70616E616461206875616368616E613A266C743B756C2667743B266C743B6C692667743B73616C6368696368612064652068756163686F266C743B2F6C692667743B266C743B6C692667743B687565766F266C743B2F6C692667743B266C743B6C692667743B616AC3AD206C696D6F2079206365626F6C6C61206368696E61266C743B2F6C692667743B266C743B6C692667743B6372656D6120646520726F636F746F266C743B2F6C692667743B266C743B2F756C2667743B266C743B2F6C692667743B266C743B2F756C2667743B266C743B2F6C692667743B266C743B2F756C2667743B266C743B702667743B266C743B7374726F6E672667743B53657369C3B36E2033266C743B2F7374726F6E672667743B266C743B2F702667743B266C743B756C2667743B266C743B6C692667743B53616C7465C3B161266C743B756C2667743B266C743B6C692667743B456D70616E616461206D65786963616E613A266C743B756C2667743B266C743B6C692667743B70616E6365746120646520636572646F266C743B2F6C692667743B266C743B6C692667743B6365626F6C6C6120636172616D656C697A616461266C743B2F6C692667743B266C743B6C692667743B6368696C6520286D65786963616E6F292C20746F6D61746520792063756C616E74726F266C743B2F6C692667743B266C743B6C692667743B7069636F2064652067616C6C6F20636F6E2070616C74612E266C743B2F6C692667743B266C743B2F756C2667743B266C743B2F6C692667743B266C743B6C692667743B456D70616E616461206974616C69616E613A266C743B756C2667743B266C743B6C692667743B2D6361726E65206D6F6C696461266C743B2F6C692667743B266C743B6C692667743B2D6365626F6C6C6120636172616D656C697A616461207920746F6D617465266C743B2F6C692667743B266C743B6C692667743B2D616C6261686163612079206F72C3A967616E6F266C743B2F6C692667743B266C743B6C692667743B6D61796F6E65736120646520616E63686F617320616C6361706172726173207920616A6F2E266C743B2F6C692667743B266C743B2F756C2667743B266C743B2F6C692667743B266C743B2F756C2667743B266C743B2F6C692667743B266C743B2F756C2667743B, '0', '9', 0x266C743B702667743B26616D703B6E6273703B266C743B2F702667743B, 'S', '1', '2019-03-04 11:07:45');
INSERT INTO `taller` VALUES ('10', '7', 'EL CHIFA Y SUS SECRETOS', 0x266C743B702667743B266C743B7374726F6E672667743B43686566204361726C6F7320557262696E61266C743B2F7374726F6E672667743B266C743B2F702667743B, 'images/taller/10.jpg', '', '', '', 0x342C352C37206D61727A6F, '', 0x36206120203920706D, '', 0x732F20323030, '', '', 0x266C743B702667743B266C743B7374726F6E672667743B5072696D6572612073657369C3B36E3A266C743B2F7374726F6E672667743B266C743B2F702667743B266C743B756C2667743B266C743B6C692667743B5265636F6E6F63696D69656E746F20646520696E6772656469656E7465732062C3A17369636F732070617261206C6120636F63696E61206368696661266C743B2F6C692667743B266C743B6C692667743B507265706172616369C3B36E20646520666F6E646F732028666F6E646F206465206176652C20666F6E646F73206F736375726F7329266C743B2F6C692667743B266C743B6C692667743B456C61626F72616369C3B36E20646520536975204D6169266C743B2F6C692667743B266C743B6C692667743B456C61626F72616369C3B36E206465206C612073616C73612074616D6172696E646F20792077616E74616E65732072656C6C656E6F7320667269746F732E266C743B2F6C692667743B266C743B6C692667743B507265706172616369C3B36E2064656C206D6172696E61646F207061726120656C20636572646F20617361646F266C743B2F6C692667743B266C743B2F756C2667743B266C743B702667743B266C743B7374726F6E672667743B536567756E64612073657369C3B36E3A20656C61626F72616369C3B36E2064652072656365746173266C743B2F7374726F6E672667743B266C743B2F702667743B266C743B756C2667743B266C743B6C692667743B456C61626F72616369C3B36E206465206172726F7A2063686175666120657370656369616C266C743B2F6C692667743B266C743B6C692667743B536F70612057616E74616E20657370656369616C266C743B2F6C692667743B266C743B6C692667743B5469207061206B6179266C743B2F6C692667743B266C743B2F756C2667743B266C743B702667743B266C743B7374726F6E672667743B546572636572612073657369C3B36E3A20656C61626F72616369C3B36E2064652072656365746173266C743B2F7374726F6E672667743B266C743B2F702667743B266C743B756C2667743B266C743B6C692667743B54616C6C6172C3AD6E2073616C7461646F2E266C743B2F6C692667743B266C743B6C692667743B416C69746173206B617970692E266C743B2F6C692667743B266C743B6C692667743B506F6C6C6F2063686926616D703B6E6273703B206A6175206B61792E266C743B2F6C692667743B266C743B2F756C2667743B, '7', '10', 0x266C743B702667743B26616D703B6E6273703B266C743B2F702667743B, 'S', '1', '2019-03-04 11:03:12');

-- ----------------------------
-- Table structure for tipo_empresa
-- ----------------------------
DROP TABLE IF EXISTS `tipo_empresa`;
CREATE TABLE `tipo_empresa` (
  `tipo_empresa_id` int(10) unsigned NOT NULL AUTO_INCREMENT,
  `descripcion` varchar(255) NOT NULL,
  `glosa` varchar(255) NOT NULL DEFAULT '',
  `estado` tinyint(4) unsigned DEFAULT '1',
  `created_at` timestamp NULL DEFAULT CURRENT_TIMESTAMP ON UPDATE CURRENT_TIMESTAMP,
  PRIMARY KEY (`tipo_empresa_id`)
) ENGINE=InnoDB AUTO_INCREMENT=4 DEFAULT CHARSET=utf8;

-- ----------------------------
-- Records of tipo_empresa
-- ----------------------------
INSERT INTO `tipo_empresa` VALUES ('1', 'Restaurant', '', '1', '2019-03-06 12:03:40');
INSERT INTO `tipo_empresa` VALUES ('2', 'Bar', '', '1', '2019-03-06 12:03:37');
INSERT INTO `tipo_empresa` VALUES ('3', 'Hotel', '', '1', '2019-03-06 12:07:06');

-- ----------------------------
-- Table structure for tipo_noticia
-- ----------------------------
DROP TABLE IF EXISTS `tipo_noticia`;
CREATE TABLE `tipo_noticia` (
  `tipo_noticia_id` int(11) NOT NULL AUTO_INCREMENT,
  `nombre` varchar(150) COLLATE utf8mb4_bin NOT NULL,
  `url` varchar(255) COLLATE utf8mb4_bin DEFAULT '',
  `imagen` varchar(255) COLLATE utf8mb4_bin DEFAULT '',
  `publicar` char(1) COLLATE utf8mb4_bin DEFAULT 'S',
  `estado` smallint(5) unsigned NOT NULL DEFAULT '1',
  `created_at` timestamp NULL DEFAULT CURRENT_TIMESTAMP,
  PRIMARY KEY (`tipo_noticia_id`) USING BTREE
) ENGINE=InnoDB AUTO_INCREMENT=6 DEFAULT CHARSET=utf8mb4 COLLATE=utf8mb4_bin ROW_FORMAT=COMPACT;

-- ----------------------------
-- Records of tipo_noticia
-- ----------------------------
INSERT INTO `tipo_noticia` VALUES ('1', 'Noticias', 'noticias', 'images/tipo-noticia/201903051103039490.jpg', 'S', '1', '2018-08-08 16:08:01');
INSERT INTO `tipo_noticia` VALUES ('2', 'Cursos', 'cursos', '', 'S', '1', '2018-08-08 16:08:09');
INSERT INTO `tipo_noticia` VALUES ('3', 'Talleres', 'talleres', '', 'S', '1', '2018-08-08 16:08:14');
INSERT INTO `tipo_noticia` VALUES ('4', 'Proyección Social', 'proyeccion-social', '', 'S', '1', '2019-03-05 11:03:56');
INSERT INTO `tipo_noticia` VALUES ('5', 'EXPOCUMBRE', 'expocumbre', '', 'S', '1', '2019-03-05 19:03:10');

-- ----------------------------
-- Table structure for user
-- ----------------------------
DROP TABLE IF EXISTS `user`;
CREATE TABLE `user` (
  `user_id` int(10) unsigned NOT NULL AUTO_INCREMENT,
  `nombre` varchar(255) CHARACTER SET utf8mb4 NOT NULL,
  `apellidos` varchar(255) CHARACTER SET utf8mb4 NOT NULL,
  `email` varchar(255) CHARACTER SET utf8mb4 NOT NULL,
  `password` varchar(50) CHARACTER SET utf8mb4 NOT NULL,
  `estado` smallint(5) unsigned NOT NULL DEFAULT '1',
  `created_at` timestamp NULL DEFAULT NULL ON UPDATE CURRENT_TIMESTAMP,
  PRIMARY KEY (`user_id`) USING BTREE
) ENGINE=InnoDB AUTO_INCREMENT=2 DEFAULT CHARSET=utf8mb4 COLLATE=utf8mb4_bin ROW_FORMAT=COMPACT;

-- ----------------------------
-- Records of user
-- ----------------------------
INSERT INTO `user` VALUES ('1', 'Armando', 'Pisfil Puemape', 'armandoaepp@gmail.com', '7b64d09060db17ca6b96c0af99575903', '1', '2018-07-05 14:07:03');
